{
  "dataset_revision": "c22ab2a51041ffd869aaddef7af8d8215647e41a",
  "evaluation_time": 60.089621782302856,
  "kg_co2_emissions": null,
  "mteb_version": "1.1.1",
  "scores": {
    "test": [
      {
        "hf_subset": "default",
        "languages": [
          "eng-Latn"
        ],
        "main_score": 0.57849,
        "map_at_1": 0.31366,
        "map_at_10": 0.48525,
        "map_at_100": 0.49184,
        "map_at_1000": 0.49188,
        "map_at_20": 0.49055,
        "map_at_3": 0.43397,
        "map_at_5": 0.46413,
        "mrr_at_1": 0.3186344238975818,
        "mrr_at_10": 0.4872990471674691,
        "mrr_at_100": 0.49373795444215585,
        "mrr_at_1000": 0.4937729998579484,
        "mrr_at_20": 0.4924408817567129,
        "mrr_at_3": 0.43610715979137027,
        "mrr_at_5": 0.4661569464201051,
        "nauc_map_at_1000_diff1": 0.16844735693493498,
        "nauc_map_at_1000_max": -0.09971074479881172,
        "nauc_map_at_1000_std": -0.1507985710713496,
        "nauc_map_at_100_diff1": 0.16850129252522955,
        "nauc_map_at_100_max": -0.09963862336371575,
        "nauc_map_at_100_std": -0.15082007139103934,
        "nauc_map_at_10_diff1": 0.16604682380237362,
        "nauc_map_at_10_max": -0.09966514658122944,
        "nauc_map_at_10_std": -0.15206152363127148,
        "nauc_map_at_1_diff1": 0.1995252712123604,
        "nauc_map_at_1_max": -0.11516217638429628,
        "nauc_map_at_1_std": -0.14360333340896023,
        "nauc_map_at_20_diff1": 0.16744886533978814,
        "nauc_map_at_20_max": -0.09973265156116094,
        "nauc_map_at_20_std": -0.15211089044645354,
        "nauc_map_at_3_diff1": 0.16793863142751242,
        "nauc_map_at_3_max": -0.0993228610425506,
        "nauc_map_at_3_std": -0.15001359635048117,
        "nauc_map_at_5_diff1": 0.16700052002150514,
        "nauc_map_at_5_max": -0.09878838759723282,
        "nauc_map_at_5_std": -0.15380675551875042,
        "nauc_mrr_at_1000_diff1": 0.15305443385188114,
        "nauc_mrr_at_1000_max": -0.10488912537545109,
        "nauc_mrr_at_1000_std": -0.14968119768091204,
        "nauc_mrr_at_100_diff1": 0.15311007390533976,
        "nauc_mrr_at_100_max": -0.1048166080409494,
        "nauc_mrr_at_100_std": -0.1497028490945894,
        "nauc_mrr_at_10_diff1": 0.1507328995305296,
        "nauc_mrr_at_10_max": -0.10464887251515474,
        "nauc_mrr_at_10_std": -0.15093327284253955,
        "nauc_mrr_at_1_diff1": 0.18476161952700307,
        "nauc_mrr_at_1_max": -0.1113933289636503,
        "nauc_mrr_at_1_std": -0.13747676089772465,
        "nauc_mrr_at_20_diff1": 0.1521227141583286,
        "nauc_mrr_at_20_max": -0.10488240829357327,
        "nauc_mrr_at_20_std": -0.15099798415990706,
        "nauc_mrr_at_3_diff1": 0.1528072130854727,
        "nauc_mrr_at_3_max": -0.10629314350637784,
        "nauc_mrr_at_3_std": -0.14943677684627313,
        "nauc_mrr_at_5_diff1": 0.1526136153718916,
        "nauc_mrr_at_5_max": -0.10355363846812009,
        "nauc_mrr_at_5_std": -0.1524934914128708,
        "nauc_ndcg_at_1000_diff1": 0.16465471837567838,
        "nauc_ndcg_at_1000_max": -0.09548491364750036,
        "nauc_ndcg_at_1000_std": -0.14959750343312675,
        "nauc_ndcg_at_100_diff1": 0.1659003353442088,
        "nauc_ndcg_at_100_max": -0.09363932721897697,
        "nauc_ndcg_at_100_std": -0.14952848100195237,
        "nauc_ndcg_at_10_diff1": 0.15264993134802304,
        "nauc_ndcg_at_10_max": -0.09413214382346986,
        "nauc_ndcg_at_10_std": -0.15786230417535319,
        "nauc_ndcg_at_1_diff1": 0.1995252712123604,
        "nauc_ndcg_at_1_max": -0.11516217638429628,
        "nauc_ndcg_at_1_std": -0.14360333340896023,
        "nauc_ndcg_at_20_diff1": 0.1576982891844523,
        "nauc_ndcg_at_20_max": -0.09412937502660494,
        "nauc_ndcg_at_20_std": -0.15824737843536216,
        "nauc_ndcg_at_3_diff1": 0.1599765042937968,
        "nauc_ndcg_at_3_max": -0.09338555010343727,
        "nauc_ndcg_at_3_std": -0.15354697112193363,
        "nauc_ndcg_at_5_diff1": 0.15701248227889836,
        "nauc_ndcg_at_5_max": -0.09242947607478588,
        "nauc_ndcg_at_5_std": -0.1610832710899443,
        "nauc_precision_at_1000_diff1": 0.17914806895369584,
        "nauc_precision_at_1000_max": 0.3705508539097976,
        "nauc_precision_at_1000_std": 0.858517013690033,
        "nauc_precision_at_100_diff1": 0.36885040764102617,
        "nauc_precision_at_100_max": 0.38271228063201335,
        "nauc_precision_at_100_std": 0.2618362279089869,
        "nauc_precision_at_10_diff1": 0.05048634473556921,
        "nauc_precision_at_10_max": -0.056399847200310424,
        "nauc_precision_at_10_std": -0.20242260548242008,
        "nauc_precision_at_1_diff1": 0.1995252712123604,
        "nauc_precision_at_1_max": -0.11516217638429628,
        "nauc_precision_at_1_std": -0.14360333340896023,
        "nauc_precision_at_20_diff1": 0.0067558317619389316,
        "nauc_precision_at_20_max": -0.006480466367823702,
        "nauc_precision_at_20_std": -0.2662151173022735,
        "nauc_precision_at_3_diff1": 0.1363673575741917,
        "nauc_precision_at_3_max": -0.07494238568711924,
        "nauc_precision_at_3_std": -0.16485033952293468,
        "nauc_precision_at_5_diff1": 0.11929378760955589,
        "nauc_precision_at_5_max": -0.06839923052140223,
        "nauc_precision_at_5_std": -0.19070287383003437,
        "nauc_recall_at_1000_diff1": 0.1791480689536377,
        "nauc_recall_at_1000_max": 0.37055085390976084,
        "nauc_recall_at_1000_std": 0.8585170136899929,
        "nauc_recall_at_100_diff1": 0.3688504076410155,
        "nauc_recall_at_100_max": 0.38271228063202845,
        "nauc_recall_at_100_std": 0.26183622790898453,
        "nauc_recall_at_10_diff1": 0.05048634473557131,
        "nauc_recall_at_10_max": -0.056399847200309286,
        "nauc_recall_at_10_std": -0.20242260548241853,
        "nauc_recall_at_1_diff1": 0.1995252712123604,
        "nauc_recall_at_1_max": -0.11516217638429628,
        "nauc_recall_at_1_std": -0.14360333340896023,
        "nauc_recall_at_20_diff1": 0.0067558317619332755,
        "nauc_recall_at_20_max": -0.006480466367821819,
        "nauc_recall_at_20_std": -0.26621511730227554,
        "nauc_recall_at_3_diff1": 0.13636735757419202,
        "nauc_recall_at_3_max": -0.07494238568711857,
        "nauc_recall_at_3_std": -0.16485033952293396,
        "nauc_recall_at_5_diff1": 0.11929378760955678,
        "nauc_recall_at_5_max": -0.06839923052140226,
        "nauc_recall_at_5_std": -0.19070287383003373,
        "ndcg_at_1": 0.31366,
        "ndcg_at_10": 0.57849,
        "ndcg_at_100": 0.60535,
        "ndcg_at_1000": 0.60619,
        "ndcg_at_20": 0.59715,
        "ndcg_at_3": 0.47338,
        "ndcg_at_5": 0.52765,
        "precision_at_1": 0.31366,
        "precision_at_10": 0.08755,
        "precision_at_100": 0.0099,
        "precision_at_1000": 0.001,
        "precision_at_20": 0.0474,
        "precision_at_3": 0.19583,
        "precision_at_5": 0.14381,
        "recall_at_1": 0.31366,
        "recall_at_10": 0.87553,
        "recall_at_100": 0.99004,
        "recall_at_1000": 0.99644,
        "recall_at_20": 0.94808,
        "recall_at_3": 0.58748,
        "recall_at_5": 0.71906
      }
    ]
  },
  "task_name": "ArguAna"
}