{
  "dataset_revision": "5003b3064772da1887988e05400cf3806fe491f2",
  "evaluation_time": 254.1280677318573,
  "kg_co2_emissions": null,
  "mteb_version": "1.1.1",
  "scores": {
    "test": [
      {
        "hf_subset": "default",
        "languages": [
          "eng-Latn"
        ],
        "main_score": 0.37904,
        "map_at_1": 0.23815,
        "map_at_10": 0.3275,
        "map_at_100": 0.33884,
        "map_at_1000": 0.33966,
        "map_at_20": 0.33428,
        "map_at_3": 0.29841,
        "map_at_5": 0.31536,
        "mrr_at_1": 0.2576271186440678,
        "mrr_at_10": 0.34584073177293506,
        "mrr_at_100": 0.356167930139164,
        "mrr_at_1000": 0.3567387858406679,
        "mrr_at_20": 0.35238137238097855,
        "mrr_at_3": 0.31845574387947284,
        "mrr_at_5": 0.334557438794727,
        "nauc_map_at_1000_diff1": 0.3919562525620846,
        "nauc_map_at_1000_max": 0.27872293558771605,
        "nauc_map_at_1000_std": -0.023571198753053812,
        "nauc_map_at_100_diff1": 0.39168761796880514,
        "nauc_map_at_100_max": 0.278392818460599,
        "nauc_map_at_100_std": -0.02318022164902208,
        "nauc_map_at_10_diff1": 0.39439191542633084,
        "nauc_map_at_10_max": 0.27602114775699454,
        "nauc_map_at_10_std": -0.031493845835896296,
        "nauc_map_at_1_diff1": 0.4515406264619886,
        "nauc_map_at_1_max": 0.2672380514260204,
        "nauc_map_at_1_std": -0.05489340140314155,
        "nauc_map_at_20_diff1": 0.3921220513532902,
        "nauc_map_at_20_max": 0.276717052987227,
        "nauc_map_at_20_std": -0.025451835055517794,
        "nauc_map_at_3_diff1": 0.4085858168918469,
        "nauc_map_at_3_max": 0.26855802967901055,
        "nauc_map_at_3_std": -0.03998209631526082,
        "nauc_map_at_5_diff1": 0.40093840118622504,
        "nauc_map_at_5_max": 0.2750767290443549,
        "nauc_map_at_5_std": -0.0363941691146272,
        "nauc_mrr_at_1000_diff1": 0.38009461654865856,
        "nauc_mrr_at_1000_max": 0.29171097047973193,
        "nauc_mrr_at_1000_std": -0.012113290788069116,
        "nauc_mrr_at_100_diff1": 0.3797931142579563,
        "nauc_mrr_at_100_max": 0.29154215657495786,
        "nauc_mrr_at_100_std": -0.01179017765124274,
        "nauc_mrr_at_10_diff1": 0.38176302755654845,
        "nauc_mrr_at_10_max": 0.29053425772907443,
        "nauc_mrr_at_10_std": -0.017415971156137435,
        "nauc_mrr_at_1_diff1": 0.4354402954762265,
        "nauc_mrr_at_1_max": 0.29226248414868594,
        "nauc_mrr_at_1_std": -0.03112503780619677,
        "nauc_mrr_at_20_diff1": 0.3799828583675549,
        "nauc_mrr_at_20_max": 0.2908524883589235,
        "nauc_mrr_at_20_std": -0.012993939537441592,
        "nauc_mrr_at_3_diff1": 0.39101248145725515,
        "nauc_mrr_at_3_max": 0.28608178584892724,
        "nauc_mrr_at_3_std": -0.02319687669212156,
        "nauc_mrr_at_5_diff1": 0.387242125785579,
        "nauc_mrr_at_5_max": 0.28893870142135214,
        "nauc_mrr_at_5_std": -0.022196925518567445,
        "nauc_ndcg_at_1000_diff1": 0.3657094192951865,
        "nauc_ndcg_at_1000_max": 0.2920592072380566,
        "nauc_ndcg_at_1000_std": 0.00787878670661797,
        "nauc_ndcg_at_100_diff1": 0.3550787055454057,
        "nauc_ndcg_at_100_max": 0.28654390373029087,
        "nauc_ndcg_at_100_std": 0.020448221384538223,
        "nauc_ndcg_at_10_diff1": 0.3650245383725216,
        "nauc_ndcg_at_10_max": 0.2780470925963204,
        "nauc_ndcg_at_10_std": -0.01571459400400539,
        "nauc_ndcg_at_1_diff1": 0.4354402954762265,
        "nauc_ndcg_at_1_max": 0.29226248414868594,
        "nauc_ndcg_at_1_std": -0.03112503780619677,
        "nauc_ndcg_at_20_diff1": 0.3557817969912567,
        "nauc_ndcg_at_20_max": 0.2803393196991678,
        "nauc_ndcg_at_20_std": 0.006006217008131432,
        "nauc_ndcg_at_3_diff1": 0.39007595586843186,
        "nauc_ndcg_at_3_max": 0.27090966138154576,
        "nauc_ndcg_at_3_std": -0.03215568340918637,
        "nauc_ndcg_at_5_diff1": 0.3799695447353035,
        "nauc_ndcg_at_5_max": 0.27673505470178694,
        "nauc_ndcg_at_5_std": -0.027433062308366337,
        "nauc_precision_at_1000_diff1": -0.0203623540062235,
        "nauc_precision_at_1000_max": 0.19383536171237556,
        "nauc_precision_at_1000_std": 0.12211102982797947,
        "nauc_precision_at_100_diff1": 0.055480247646034396,
        "nauc_precision_at_100_max": 0.2585799749551914,
        "nauc_precision_at_100_std": 0.22150828973500128,
        "nauc_precision_at_10_diff1": 0.1990643594744114,
        "nauc_precision_at_10_max": 0.2828052256407122,
        "nauc_precision_at_10_std": 0.05449239784846903,
        "nauc_precision_at_1_diff1": 0.4354402954762265,
        "nauc_precision_at_1_max": 0.29226248414868594,
        "nauc_precision_at_1_std": -0.03112503780619677,
        "nauc_precision_at_20_diff1": 0.14288614234375505,
        "nauc_precision_at_20_max": 0.27828520069476614,
        "nauc_precision_at_20_std": 0.13938590815411986,
        "nauc_precision_at_3_diff1": 0.3133290526558739,
        "nauc_precision_at_3_max": 0.28931928555432573,
        "nauc_precision_at_3_std": 0.00880986973239214,
        "nauc_precision_at_5_diff1": 0.2740886188502821,
        "nauc_precision_at_5_max": 0.30239815085038135,
        "nauc_precision_at_5_std": 0.018250194373821384,
        "nauc_recall_at_1000_diff1": 0.22436436142632474,
        "nauc_recall_at_1000_max": 0.4237514568307104,
        "nauc_recall_at_1000_std": 0.2910815551143234,
        "nauc_recall_at_100_diff1": 0.17155866558395316,
        "nauc_recall_at_100_max": 0.281067319791496,
        "nauc_recall_at_100_std": 0.26124999913859775,
        "nauc_recall_at_10_diff1": 0.2793736841880841,
        "nauc_recall_at_10_max": 0.2616254560106085,
        "nauc_recall_at_10_std": 0.02042857618569863,
        "nauc_recall_at_1_diff1": 0.4515406264619886,
        "nauc_recall_at_1_max": 0.2672380514260204,
        "nauc_recall_at_1_std": -0.05489340140314155,
        "nauc_recall_at_20_diff1": 0.22509618439529033,
        "nauc_recall_at_20_max": 0.2649937072312457,
        "nauc_recall_at_20_std": 0.11511297429962807,
        "nauc_recall_at_3_diff1": 0.3529501874383615,
        "nauc_recall_at_3_max": 0.2526837107542248,
        "nauc_recall_at_3_std": -0.025793053444434604,
        "nauc_recall_at_5_diff1": 0.32552555538640526,
        "nauc_recall_at_5_max": 0.26235254856580753,
        "nauc_recall_at_5_std": -0.014282538687012484,
        "ndcg_at_1": 0.25763,
        "ndcg_at_10": 0.37904,
        "ndcg_at_100": 0.43387,
        "ndcg_at_1000": 0.45424,
        "ndcg_at_20": 0.40287,
        "ndcg_at_3": 0.32277,
        "ndcg_at_5": 0.35125,
        "precision_at_1": 0.25763,
        "precision_at_10": 0.05977,
        "precision_at_100": 0.00921,
        "precision_at_1000": 0.00113,
        "precision_at_20": 0.03537,
        "precision_at_3": 0.1371,
        "precision_at_5": 0.09831,
        "recall_at_1": 0.23815,
        "recall_at_10": 0.52023,
        "recall_at_100": 0.76839,
        "recall_at_1000": 0.92127,
        "recall_at_20": 0.61034,
        "recall_at_3": 0.37089,
        "recall_at_5": 0.43906
      }
    ]
  },
  "task_name": "CQADupstackGisRetrieval"
}