{
  "dataset_revision": "f46a197baaae43b4f621051089b82a364682dfeb",
  "evaluation_time": 126.1606616973877,
  "kg_co2_emissions": null,
  "mteb_version": "1.1.1",
  "scores": {
    "test": [
      {
        "hf_subset": "default",
        "languages": [
          "eng-Latn"
        ],
        "main_score": 0.52094,
        "map_at_1": 0.34339,
        "map_at_10": 0.45792,
        "map_at_100": 0.47429,
        "map_at_1000": 0.4755,
        "map_at_20": 0.46722,
        "map_at_3": 0.42173,
        "map_at_5": 0.44176,
        "mrr_at_1": 0.41201716738197425,
        "mrr_at_10": 0.5125354815268978,
        "mrr_at_100": 0.5192858874036896,
        "mrr_at_1000": 0.5196943894724484,
        "mrr_at_20": 0.5160557983922962,
        "mrr_at_3": 0.4861707200762995,
        "mrr_at_5": 0.500906056270863,
        "nauc_map_at_1000_diff1": 0.43576204016950343,
        "nauc_map_at_1000_max": 0.33637900321661846,
        "nauc_map_at_1000_std": -0.057862320418235726,
        "nauc_map_at_100_diff1": 0.4361545882081187,
        "nauc_map_at_100_max": 0.3368318743323799,
        "nauc_map_at_100_std": -0.05702388586993854,
        "nauc_map_at_10_diff1": 0.437601502515332,
        "nauc_map_at_10_max": 0.3334640773326503,
        "nauc_map_at_10_std": -0.06646264598235148,
        "nauc_map_at_1_diff1": 0.49433423134623405,
        "nauc_map_at_1_max": 0.2799055719629858,
        "nauc_map_at_1_std": -0.08196576085964154,
        "nauc_map_at_20_diff1": 0.436326254958666,
        "nauc_map_at_20_max": 0.33680536008100137,
        "nauc_map_at_20_std": -0.05825954381846313,
        "nauc_map_at_3_diff1": 0.44658881562852415,
        "nauc_map_at_3_max": 0.3230259339342244,
        "nauc_map_at_3_std": -0.07328721372866882,
        "nauc_map_at_5_diff1": 0.4406749998995356,
        "nauc_map_at_5_max": 0.3338951954812745,
        "nauc_map_at_5_std": -0.07642709276380233,
        "nauc_mrr_at_1000_diff1": 0.43152219606317993,
        "nauc_mrr_at_1000_max": 0.34833866375455597,
        "nauc_mrr_at_1000_std": -0.06894323478026869,
        "nauc_mrr_at_100_diff1": 0.43153808578254504,
        "nauc_mrr_at_100_max": 0.3483002326574959,
        "nauc_mrr_at_100_std": -0.06880154456350612,
        "nauc_mrr_at_10_diff1": 0.43068543193232883,
        "nauc_mrr_at_10_max": 0.34885675197744653,
        "nauc_mrr_at_10_std": -0.06969931321455,
        "nauc_mrr_at_1_diff1": 0.4712905490747675,
        "nauc_mrr_at_1_max": 0.3309346092887244,
        "nauc_mrr_at_1_std": -0.08714870873803111,
        "nauc_mrr_at_20_diff1": 0.4302537001074132,
        "nauc_mrr_at_20_max": 0.34899640225726747,
        "nauc_mrr_at_20_std": -0.06791689462313566,
        "nauc_mrr_at_3_diff1": 0.432122736376591,
        "nauc_mrr_at_3_max": 0.3507218242621836,
        "nauc_mrr_at_3_std": -0.07220249296347254,
        "nauc_mrr_at_5_diff1": 0.43114682160358364,
        "nauc_mrr_at_5_max": 0.34837869012810024,
        "nauc_mrr_at_5_std": -0.07769441359336739,
        "nauc_ndcg_at_1000_diff1": 0.42282721991388766,
        "nauc_ndcg_at_1000_max": 0.34427293593713515,
        "nauc_ndcg_at_1000_std": -0.040535272395665296,
        "nauc_ndcg_at_100_diff1": 0.4263760486140724,
        "nauc_ndcg_at_100_max": 0.34614892058666075,
        "nauc_ndcg_at_100_std": -0.0327709987268853,
        "nauc_ndcg_at_10_diff1": 0.41816121215227425,
        "nauc_ndcg_at_10_max": 0.34206017871201005,
        "nauc_ndcg_at_10_std": -0.05277521051082295,
        "nauc_ndcg_at_1_diff1": 0.4712905490747675,
        "nauc_ndcg_at_1_max": 0.3309346092887244,
        "nauc_ndcg_at_1_std": -0.08714870873803111,
        "nauc_ndcg_at_20_diff1": 0.41911125006922173,
        "nauc_ndcg_at_20_max": 0.34611845847875966,
        "nauc_ndcg_at_20_std": -0.03658051409146635,
        "nauc_ndcg_at_3_diff1": 0.423499412143399,
        "nauc_ndcg_at_3_max": 0.3413060047220254,
        "nauc_ndcg_at_3_std": -0.06683998261787415,
        "nauc_ndcg_at_5_diff1": 0.4205256534249352,
        "nauc_ndcg_at_5_max": 0.3436035581158058,
        "nauc_ndcg_at_5_std": -0.07321620641087394,
        "nauc_precision_at_1000_diff1": -0.2266527735854185,
        "nauc_precision_at_1000_max": -0.1215029314223994,
        "nauc_precision_at_1000_std": -0.07496433302259138,
        "nauc_precision_at_100_diff1": -0.14541243788430253,
        "nauc_precision_at_100_max": 0.01730527739236138,
        "nauc_precision_at_100_std": 0.0651446935518563,
        "nauc_precision_at_10_diff1": 0.02905802853166397,
        "nauc_precision_at_10_max": 0.22511641720985978,
        "nauc_precision_at_10_std": 0.05974930596614187,
        "nauc_precision_at_1_diff1": 0.4712905490747675,
        "nauc_precision_at_1_max": 0.3309346092887244,
        "nauc_precision_at_1_std": -0.08714870873803111,
        "nauc_precision_at_20_diff1": -0.03897048930032043,
        "nauc_precision_at_20_max": 0.16519331211373361,
        "nauc_precision_at_20_std": 0.10704085033617791,
        "nauc_precision_at_3_diff1": 0.21769353443230485,
        "nauc_precision_at_3_max": 0.342382423327204,
        "nauc_precision_at_3_std": -0.037133795101323974,
        "nauc_precision_at_5_diff1": 0.14439517473846492,
        "nauc_precision_at_5_max": 0.32128302970685113,
        "nauc_precision_at_5_std": -0.026608039826715262,
        "nauc_recall_at_1000_diff1": 0.38697420379434516,
        "nauc_recall_at_1000_max": 0.5462973296493481,
        "nauc_recall_at_1000_std": 0.6574789516101337,
        "nauc_recall_at_100_diff1": 0.4129412698657513,
        "nauc_recall_at_100_max": 0.36633066649184715,
        "nauc_recall_at_100_std": 0.2017440075047697,
        "nauc_recall_at_10_diff1": 0.353774665561623,
        "nauc_recall_at_10_max": 0.32346244839811467,
        "nauc_recall_at_10_std": -0.01417703544432594,
        "nauc_recall_at_1_diff1": 0.49433423134623405,
        "nauc_recall_at_1_max": 0.2799055719629858,
        "nauc_recall_at_1_std": -0.08196576085964154,
        "nauc_recall_at_20_diff1": 0.3468256063355392,
        "nauc_recall_at_20_max": 0.3324043611950901,
        "nauc_recall_at_20_std": 0.05820702175404046,
        "nauc_recall_at_3_diff1": 0.39203645661391534,
        "nauc_recall_at_3_max": 0.32529978048052166,
        "nauc_recall_at_3_std": -0.06260514936154743,
        "nauc_recall_at_5_diff1": 0.3708118494175854,
        "nauc_recall_at_5_max": 0.3312108833194685,
        "nauc_recall_at_5_std": -0.07348403642232068,
        "ndcg_at_1": 0.41202,
        "ndcg_at_10": 0.52094,
        "ndcg_at_100": 0.57703,
        "ndcg_at_1000": 0.59338,
        "ndcg_at_20": 0.54233,
        "ndcg_at_3": 0.4696,
        "ndcg_at_5": 0.49197,
        "precision_at_1": 0.41202,
        "precision_at_10": 0.09857,
        "precision_at_100": 0.01599,
        "precision_at_1000": 0.00206,
        "precision_at_20": 0.05923,
        "precision_at_3": 0.22318,
        "precision_at_5": 0.15765,
        "recall_at_1": 0.34339,
        "recall_at_10": 0.64087,
        "recall_at_100": 0.87356,
        "recall_at_1000": 0.97422,
        "recall_at_20": 0.71388,
        "recall_at_3": 0.49472,
        "recall_at_5": 0.55896
      }
    ]
  },
  "task_name": "CQADupstackAndroidRetrieval"
}