{
  "dataset_revision": "6184bc1440d2dbc7612be22b50686b8826d22b32",
  "evaluation_time": 182.88259863853455,
  "kg_co2_emissions": null,
  "mteb_version": "1.1.1",
  "scores": {
    "test": [
      {
        "hf_subset": "default",
        "languages": [
          "eng-Latn"
        ],
        "main_score": 0.44908,
        "map_at_1": 0.27467,
        "map_at_10": 0.38883,
        "map_at_100": 0.40314,
        "map_at_1000": 0.40421,
        "map_at_20": 0.39679,
        "map_at_3": 0.35486,
        "map_at_5": 0.3745,
        "mrr_at_1": 0.3401826484018265,
        "mrr_at_10": 0.4386542364282085,
        "mrr_at_100": 0.4475974581659585,
        "mrr_at_1000": 0.44812202227065373,
        "mrr_at_20": 0.44384436967985835,
        "mrr_at_3": 0.41343226788432247,
        "mrr_at_5": 0.4288432267884318,
        "nauc_map_at_1000_diff1": 0.4242148352865385,
        "nauc_map_at_1000_max": 0.33834814404637276,
        "nauc_map_at_1000_std": 0.02410320242561565,
        "nauc_map_at_100_diff1": 0.42405597260791783,
        "nauc_map_at_100_max": 0.33853358397973493,
        "nauc_map_at_100_std": 0.024389436962947045,
        "nauc_map_at_10_diff1": 0.4226118067525324,
        "nauc_map_at_10_max": 0.3308935390233921,
        "nauc_map_at_10_std": 0.014258872932991695,
        "nauc_map_at_1_diff1": 0.4682722971510572,
        "nauc_map_at_1_max": 0.2787257131233617,
        "nauc_map_at_1_std": -0.04887380444464804,
        "nauc_map_at_20_diff1": 0.42404588438717833,
        "nauc_map_at_20_max": 0.33611743554509377,
        "nauc_map_at_20_std": 0.01968981383265892,
        "nauc_map_at_3_diff1": 0.4290606157841571,
        "nauc_map_at_3_max": 0.3174288953771707,
        "nauc_map_at_3_std": -0.00029573199413780683,
        "nauc_map_at_5_diff1": 0.4227557859420634,
        "nauc_map_at_5_max": 0.32473052411906617,
        "nauc_map_at_5_std": 0.0074470349757444244,
        "nauc_mrr_at_1000_diff1": 0.41852625906832913,
        "nauc_mrr_at_1000_max": 0.3613012268351586,
        "nauc_mrr_at_1000_std": 0.039075199360311084,
        "nauc_mrr_at_100_diff1": 0.4184705639886529,
        "nauc_mrr_at_100_max": 0.3615091364138098,
        "nauc_mrr_at_100_std": 0.0394435728966313,
        "nauc_mrr_at_10_diff1": 0.4155358113406469,
        "nauc_mrr_at_10_max": 0.35881160372976867,
        "nauc_mrr_at_10_std": 0.03462505386118921,
        "nauc_mrr_at_1_diff1": 0.45986966624736814,
        "nauc_mrr_at_1_max": 0.34008047854915424,
        "nauc_mrr_at_1_std": -0.00178891149435877,
        "nauc_mrr_at_20_diff1": 0.41763572006550087,
        "nauc_mrr_at_20_max": 0.3610461860238335,
        "nauc_mrr_at_20_std": 0.03895601946483546,
        "nauc_mrr_at_3_diff1": 0.4174736378742201,
        "nauc_mrr_at_3_max": 0.3578659587295496,
        "nauc_mrr_at_3_std": 0.028634762714412315,
        "nauc_mrr_at_5_diff1": 0.41405995540354257,
        "nauc_mrr_at_5_max": 0.359165347887732,
        "nauc_mrr_at_5_std": 0.028231933732720236,
        "nauc_ndcg_at_1000_diff1": 0.413556013222569,
        "nauc_ndcg_at_1000_max": 0.35830873120284085,
        "nauc_ndcg_at_1000_std": 0.06169113532399665,
        "nauc_ndcg_at_100_diff1": 0.41174359477622285,
        "nauc_ndcg_at_100_max": 0.36369877042267557,
        "nauc_ndcg_at_100_std": 0.0743400918800036,
        "nauc_ndcg_at_10_diff1": 0.4045059846458054,
        "nauc_ndcg_at_10_max": 0.34466021379038964,
        "nauc_ndcg_at_10_std": 0.03996881170423666,
        "nauc_ndcg_at_1_diff1": 0.45986966624736814,
        "nauc_ndcg_at_1_max": 0.34008047854915424,
        "nauc_ndcg_at_1_std": -0.00178891149435877,
        "nauc_ndcg_at_20_diff1": 0.40996155061776707,
        "nauc_ndcg_at_20_max": 0.35826785461156796,
        "nauc_ndcg_at_20_std": 0.05834223943807881,
        "nauc_ndcg_at_3_diff1": 0.40919955969648325,
        "nauc_ndcg_at_3_max": 0.3381090195290291,
        "nauc_ndcg_at_3_std": 0.023482448389371094,
        "nauc_ndcg_at_5_diff1": 0.40459185338002485,
        "nauc_ndcg_at_5_max": 0.3424177246348298,
        "nauc_ndcg_at_5_std": 0.02678641339806034,
        "nauc_precision_at_1000_diff1": -0.048023429961989855,
        "nauc_precision_at_1000_max": 0.012041485539460052,
        "nauc_precision_at_1000_std": 0.05507502852995294,
        "nauc_precision_at_100_diff1": 0.009103237426059842,
        "nauc_precision_at_100_max": 0.17233702374334656,
        "nauc_precision_at_100_std": 0.19273085369637036,
        "nauc_precision_at_10_diff1": 0.1688174481014276,
        "nauc_precision_at_10_max": 0.32015588598249717,
        "nauc_precision_at_10_std": 0.17480354675665402,
        "nauc_precision_at_1_diff1": 0.45986966624736814,
        "nauc_precision_at_1_max": 0.34008047854915424,
        "nauc_precision_at_1_std": -0.00178891149435877,
        "nauc_precision_at_20_diff1": 0.12574903732965095,
        "nauc_precision_at_20_max": 0.30256828379430156,
        "nauc_precision_at_20_std": 0.20091664793244565,
        "nauc_precision_at_3_diff1": 0.26951520106529014,
        "nauc_precision_at_3_max": 0.3434124859188375,
        "nauc_precision_at_3_std": 0.10840643508938518,
        "nauc_precision_at_5_diff1": 0.20728236896043883,
        "nauc_precision_at_5_max": 0.32800021256130885,
        "nauc_precision_at_5_std": 0.12789838529801367,
        "nauc_recall_at_1000_diff1": 0.3449330256606179,
        "nauc_recall_at_1000_max": 0.47475047975988655,
        "nauc_recall_at_1000_std": 0.6057041914152059,
        "nauc_recall_at_100_diff1": 0.35273200003517746,
        "nauc_recall_at_100_max": 0.4296528507154598,
        "nauc_recall_at_100_std": 0.35515147029601263,
        "nauc_recall_at_10_diff1": 0.33774889620369963,
        "nauc_recall_at_10_max": 0.32985813071694486,
        "nauc_recall_at_10_std": 0.09183362051341304,
        "nauc_recall_at_1_diff1": 0.4682722971510572,
        "nauc_recall_at_1_max": 0.2787257131233617,
        "nauc_recall_at_1_std": -0.04887380444464804,
        "nauc_recall_at_20_diff1": 0.3529590204944635,
        "nauc_recall_at_20_max": 0.3837561879935719,
        "nauc_recall_at_20_std": 0.17534206842675465,
        "nauc_recall_at_3_diff1": 0.36384737455565286,
        "nauc_recall_at_3_max": 0.3145220704856606,
        "nauc_recall_at_3_std": 0.03131376133824559,
        "nauc_recall_at_5_diff1": 0.34363366291709174,
        "nauc_recall_at_5_max": 0.3253729229918044,
        "nauc_recall_at_5_std": 0.04746635792795011,
        "ndcg_at_1": 0.34018,
        "ndcg_at_10": 0.44908,
        "ndcg_at_100": 0.50822,
        "ndcg_at_1000": 0.52834,
        "ndcg_at_20": 0.47245,
        "ndcg_at_3": 0.39764,
        "ndcg_at_5": 0.42315,
        "precision_at_1": 0.34018,
        "precision_at_10": 0.08413,
        "precision_at_100": 0.01333,
        "precision_at_1000": 0.00168,
        "precision_at_20": 0.04943,
        "precision_at_3": 0.19444,
        "precision_at_5": 0.1411,
        "recall_at_1": 0.27467,
        "recall_at_10": 0.57651,
        "recall_at_100": 0.82669,
        "recall_at_1000": 0.95992,
        "recall_at_20": 0.65916,
        "recall_at_3": 0.43106,
        "recall_at_5": 0.49822
      }
    ]
  },
  "task_name": "CQADupstackProgrammersRetrieval"
}