{
  "dataset_revision": "46989137a86843e03a6195de44b09deda022eec7",
  "evaluation_time": 514.7563261985779,
  "kg_co2_emissions": null,
  "mteb_version": "1.1.1",
  "scores": {
    "test": [
      {
        "hf_subset": "default",
        "languages": [
          "eng-Latn"
        ],
        "main_score": 0.28341,
        "map_at_1": 0.16456,
        "map_at_10": 0.23636,
        "map_at_100": 0.24867,
        "map_at_1000": 0.24999,
        "map_at_20": 0.24313,
        "map_at_3": 0.21275,
        "map_at_5": 0.22439,
        "mrr_at_1": 0.20165175498967652,
        "mrr_at_10": 0.2734985907645923,
        "mrr_at_100": 0.28369719948327893,
        "mrr_at_1000": 0.2844816544609736,
        "mrr_at_20": 0.27927957037290213,
        "mrr_at_3": 0.2510896994723563,
        "mrr_at_5": 0.26246272080752525,
        "nauc_map_at_1000_diff1": 0.34152752062882685,
        "nauc_map_at_1000_max": 0.24581425586294897,
        "nauc_map_at_1000_std": 0.03992488808348139,
        "nauc_map_at_100_diff1": 0.34134830062178306,
        "nauc_map_at_100_max": 0.24531853873124304,
        "nauc_map_at_100_std": 0.0398976366908462,
        "nauc_map_at_10_diff1": 0.34541566023515363,
        "nauc_map_at_10_max": 0.2451892421600347,
        "nauc_map_at_10_std": 0.032674352345789255,
        "nauc_map_at_1_diff1": 0.3996995849276536,
        "nauc_map_at_1_max": 0.2298971263650767,
        "nauc_map_at_1_std": -0.00829934811955935,
        "nauc_map_at_20_diff1": 0.34183484463410974,
        "nauc_map_at_20_max": 0.24506525992212005,
        "nauc_map_at_20_std": 0.03709559718708663,
        "nauc_map_at_3_diff1": 0.353708181254621,
        "nauc_map_at_3_max": 0.2387268159388332,
        "nauc_map_at_3_std": 0.018699474659777664,
        "nauc_map_at_5_diff1": 0.34839567571835744,
        "nauc_map_at_5_max": 0.24061049686124886,
        "nauc_map_at_5_std": 0.02504057249801515,
        "nauc_mrr_at_1000_diff1": 0.3348599032263384,
        "nauc_mrr_at_1000_max": 0.25030642544295856,
        "nauc_mrr_at_1000_std": 0.04702900717541232,
        "nauc_mrr_at_100_diff1": 0.33461958135122927,
        "nauc_mrr_at_100_max": 0.25004395897790804,
        "nauc_mrr_at_100_std": 0.047215602566955464,
        "nauc_mrr_at_10_diff1": 0.3370351569485802,
        "nauc_mrr_at_10_max": 0.25061014147061556,
        "nauc_mrr_at_10_std": 0.04243969104686196,
        "nauc_mrr_at_1_diff1": 0.3927174479330278,
        "nauc_mrr_at_1_max": 0.251587385627839,
        "nauc_mrr_at_1_std": 0.010704198910955276,
        "nauc_mrr_at_20_diff1": 0.3345147641984567,
        "nauc_mrr_at_20_max": 0.2503351943783031,
        "nauc_mrr_at_20_std": 0.045742720258402085,
        "nauc_mrr_at_3_diff1": 0.34675394135180426,
        "nauc_mrr_at_3_max": 0.24958665905280528,
        "nauc_mrr_at_3_std": 0.03452074596611148,
        "nauc_mrr_at_5_diff1": 0.343244865589253,
        "nauc_mrr_at_5_max": 0.2516704473497848,
        "nauc_mrr_at_5_std": 0.03964076594900566,
        "nauc_ndcg_at_1000_diff1": 0.3136197965184314,
        "nauc_ndcg_at_1000_max": 0.2505201931774934,
        "nauc_ndcg_at_1000_std": 0.07630286200536911,
        "nauc_ndcg_at_100_diff1": 0.30842002048366124,
        "nauc_ndcg_at_100_max": 0.24327485150285655,
        "nauc_ndcg_at_100_std": 0.0790939859957895,
        "nauc_ndcg_at_10_diff1": 0.32249148138471057,
        "nauc_ndcg_at_10_max": 0.2481458786038926,
        "nauc_ndcg_at_10_std": 0.04990022956554992,
        "nauc_ndcg_at_1_diff1": 0.3927174479330278,
        "nauc_ndcg_at_1_max": 0.251587385627839,
        "nauc_ndcg_at_1_std": 0.010704198910955276,
        "nauc_ndcg_at_20_diff1": 0.31083916767899766,
        "nauc_ndcg_at_20_max": 0.24545065434881486,
        "nauc_ndcg_at_20_std": 0.06276979517014838,
        "nauc_ndcg_at_3_diff1": 0.33816143819557215,
        "nauc_ndcg_at_3_max": 0.2452545030856917,
        "nauc_ndcg_at_3_std": 0.028593740861117628,
        "nauc_ndcg_at_5_diff1": 0.3302752378343403,
        "nauc_ndcg_at_5_max": 0.2445344297713073,
        "nauc_ndcg_at_5_std": 0.037527166320037254,
        "nauc_precision_at_1000_diff1": 0.026930747857819477,
        "nauc_precision_at_1000_max": 0.19379760051074246,
        "nauc_precision_at_1000_std": 0.09488651470160449,
        "nauc_precision_at_100_diff1": 0.09868611750085358,
        "nauc_precision_at_100_max": 0.21508170411021027,
        "nauc_precision_at_100_std": 0.16489789012564307,
        "nauc_precision_at_10_diff1": 0.23159637790500917,
        "nauc_precision_at_10_max": 0.2766702751407193,
        "nauc_precision_at_10_std": 0.11181629504576218,
        "nauc_precision_at_1_diff1": 0.3927174479330278,
        "nauc_precision_at_1_max": 0.251587385627839,
        "nauc_precision_at_1_std": 0.010704198910955276,
        "nauc_precision_at_20_diff1": 0.17460860704264058,
        "nauc_precision_at_20_max": 0.25985647895879005,
        "nauc_precision_at_20_std": 0.14600460794661205,
        "nauc_precision_at_3_diff1": 0.28571771088010467,
        "nauc_precision_at_3_max": 0.27065478982223645,
        "nauc_precision_at_3_std": 0.05733932884893233,
        "nauc_precision_at_5_diff1": 0.2587643477175189,
        "nauc_precision_at_5_max": 0.2754475042372879,
        "nauc_precision_at_5_std": 0.08084314802106345,
        "nauc_recall_at_1000_diff1": 0.1523196133041465,
        "nauc_recall_at_1000_max": 0.24764821599237385,
        "nauc_recall_at_1000_std": 0.2979734152610268,
        "nauc_recall_at_100_diff1": 0.1781728459276365,
        "nauc_recall_at_100_max": 0.190137120654054,
        "nauc_recall_at_100_std": 0.20987561255748982,
        "nauc_recall_at_10_diff1": 0.25014980339287807,
        "nauc_recall_at_10_max": 0.22758345563811064,
        "nauc_recall_at_10_std": 0.0812383110449746,
        "nauc_recall_at_1_diff1": 0.3996995849276536,
        "nauc_recall_at_1_max": 0.2298971263650767,
        "nauc_recall_at_1_std": -0.00829934811955935,
        "nauc_recall_at_20_diff1": 0.2065109833675979,
        "nauc_recall_at_20_max": 0.21089749171047426,
        "nauc_recall_at_20_std": 0.11777949639645163,
        "nauc_recall_at_3_diff1": 0.2967334111561873,
        "nauc_recall_at_3_max": 0.22124427111798717,
        "nauc_recall_at_3_std": 0.03347075397076217,
        "nauc_recall_at_5_diff1": 0.27773004165486936,
        "nauc_recall_at_5_max": 0.2207403921448301,
        "nauc_recall_at_5_std": 0.05229708098817337,
        "ndcg_at_1": 0.20165,
        "ndcg_at_10": 0.28341,
        "ndcg_at_100": 0.34146,
        "ndcg_at_1000": 0.37089,
        "ndcg_at_20": 0.30528,
        "ndcg_at_3": 0.24122,
        "ndcg_at_5": 0.25788,
        "precision_at_1": 0.20165,
        "precision_at_10": 0.05313,
        "precision_at_100": 0.00959,
        "precision_at_1000": 0.0014,
        "precision_at_20": 0.03291,
        "precision_at_3": 0.11608,
        "precision_at_5": 0.08279,
        "recall_at_1": 0.16456,
        "recall_at_10": 0.38871,
        "recall_at_100": 0.64973,
        "recall_at_1000": 0.85614,
        "recall_at_20": 0.46915,
        "recall_at_3": 0.26649,
        "recall_at_5": 0.31182
      }
    ]
  },
  "task_name": "CQADupstackTexRetrieval"
}