{
  "dataset_revision": "6c6430d3a6d36f8d2a829195bc5dc94d7e063e53",
  "evaluation_time": 318.11388778686523,
  "kg_co2_emissions": null,
  "mteb_version": "1.1.1",
  "scores": {
    "test": [
      {
        "hf_subset": "default",
        "languages": [
          "eng-Latn"
        ],
        "main_score": 0.40745,
        "map_at_1": 0.25113,
        "map_at_10": 0.35228,
        "map_at_100": 0.36566,
        "map_at_1000": 0.36663,
        "map_at_20": 0.35994,
        "map_at_3": 0.32169,
        "map_at_5": 0.33885,
        "mrr_at_1": 0.29384328358208955,
        "mrr_at_10": 0.3876140132669982,
        "mrr_at_100": 0.397374083307024,
        "mrr_at_1000": 0.3979330602729631,
        "mrr_at_20": 0.3929733532471099,
        "mrr_at_3": 0.35945273631840785,
        "mrr_at_5": 0.3756374378109449,
        "nauc_map_at_1000_diff1": 0.4507023392672291,
        "nauc_map_at_1000_max": 0.3737685409862106,
        "nauc_map_at_1000_std": -0.03873491482330587,
        "nauc_map_at_100_diff1": 0.4507385085213492,
        "nauc_map_at_100_max": 0.37384071886970094,
        "nauc_map_at_100_std": -0.03852596196827828,
        "nauc_map_at_10_diff1": 0.45253482361294284,
        "nauc_map_at_10_max": 0.3724062105431464,
        "nauc_map_at_10_std": -0.042641423240806595,
        "nauc_map_at_1_diff1": 0.5321204152595664,
        "nauc_map_at_1_max": 0.36489301258670664,
        "nauc_map_at_1_std": -0.06963520001721912,
        "nauc_map_at_20_diff1": 0.4503509538603558,
        "nauc_map_at_20_max": 0.37258912164634045,
        "nauc_map_at_20_std": -0.039940685224875976,
        "nauc_map_at_3_diff1": 0.4597095667329621,
        "nauc_map_at_3_max": 0.37146035453473764,
        "nauc_map_at_3_std": -0.052403944328558945,
        "nauc_map_at_5_diff1": 0.45998333227852467,
        "nauc_map_at_5_max": 0.3701098400153033,
        "nauc_map_at_5_std": -0.05252927994707158,
        "nauc_mrr_at_1000_diff1": 0.433140287569154,
        "nauc_mrr_at_1000_max": 0.376895734093335,
        "nauc_mrr_at_1000_std": -0.03983384399568113,
        "nauc_mrr_at_100_diff1": 0.43306349985219583,
        "nauc_mrr_at_100_max": 0.3768229267361273,
        "nauc_mrr_at_100_std": -0.03962369754205367,
        "nauc_mrr_at_10_diff1": 0.4316339457444529,
        "nauc_mrr_at_10_max": 0.3773314262766262,
        "nauc_mrr_at_10_std": -0.04017985586384752,
        "nauc_mrr_at_1_diff1": 0.510871459363116,
        "nauc_mrr_at_1_max": 0.3946503118421555,
        "nauc_mrr_at_1_std": -0.0631816543688541,
        "nauc_mrr_at_20_diff1": 0.4319558650407353,
        "nauc_mrr_at_20_max": 0.37647481631506924,
        "nauc_mrr_at_20_std": -0.04017852207067465,
        "nauc_mrr_at_3_diff1": 0.43592877908543926,
        "nauc_mrr_at_3_max": 0.3816640853307356,
        "nauc_mrr_at_3_std": -0.04924310947605622,
        "nauc_mrr_at_5_diff1": 0.43596852459392843,
        "nauc_mrr_at_5_max": 0.3758165130709117,
        "nauc_mrr_at_5_std": -0.04884877767939146,
        "nauc_ndcg_at_1000_diff1": 0.4222254449150478,
        "nauc_ndcg_at_1000_max": 0.3750440289822116,
        "nauc_ndcg_at_1000_std": -0.01285393169075101,
        "nauc_ndcg_at_100_diff1": 0.41887361148758895,
        "nauc_ndcg_at_100_max": 0.37361889483550087,
        "nauc_ndcg_at_100_std": -0.005716015841402577,
        "nauc_ndcg_at_10_diff1": 0.4197139124845565,
        "nauc_ndcg_at_10_max": 0.3682353780827751,
        "nauc_ndcg_at_10_std": -0.025083195880628482,
        "nauc_ndcg_at_1_diff1": 0.510871459363116,
        "nauc_ndcg_at_1_max": 0.39389264665274243,
        "nauc_ndcg_at_1_std": -0.0631816543688541,
        "nauc_ndcg_at_20_diff1": 0.41527679115229027,
        "nauc_ndcg_at_20_max": 0.3679415408802892,
        "nauc_ndcg_at_20_std": -0.017191263170222744,
        "nauc_ndcg_at_3_diff1": 0.42841074786171346,
        "nauc_ndcg_at_3_max": 0.3714836623488133,
        "nauc_ndcg_at_3_std": -0.047981686021570776,
        "nauc_ndcg_at_5_diff1": 0.4318983062115866,
        "nauc_ndcg_at_5_max": 0.3633078265097151,
        "nauc_ndcg_at_5_std": -0.048398396742603156,
        "nauc_precision_at_1000_diff1": -0.14640593309296057,
        "nauc_precision_at_1000_max": -0.004762704551089563,
        "nauc_precision_at_1000_std": 0.04321220114358918,
        "nauc_precision_at_100_diff1": -0.035993560719119466,
        "nauc_precision_at_100_max": 0.12923905050840243,
        "nauc_precision_at_100_std": 0.09429480789515952,
        "nauc_precision_at_10_diff1": 0.1663420127760481,
        "nauc_precision_at_10_max": 0.28974229401904467,
        "nauc_precision_at_10_std": 0.03607398351212968,
        "nauc_precision_at_1_diff1": 0.510871459363116,
        "nauc_precision_at_1_max": 0.39389264665274243,
        "nauc_precision_at_1_std": -0.0631816543688541,
        "nauc_precision_at_20_diff1": 0.0915518336424008,
        "nauc_precision_at_20_max": 0.2397075137288978,
        "nauc_precision_at_20_std": 0.06533815804295222,
        "nauc_precision_at_3_diff1": 0.28411338675356307,
        "nauc_precision_at_3_max": 0.34739643740576476,
        "nauc_precision_at_3_std": -0.024747330802835105,
        "nauc_precision_at_5_diff1": 0.2532605658311935,
        "nauc_precision_at_5_max": 0.31479467014143775,
        "nauc_precision_at_5_std": -0.01914695033351464,
        "nauc_recall_at_1000_diff1": 0.23058816374526067,
        "nauc_recall_at_1000_max": 0.4801246310045131,
        "nauc_recall_at_1000_std": 0.4320093702106703,
        "nauc_recall_at_100_diff1": 0.2837123944274067,
        "nauc_recall_at_100_max": 0.35809997476770306,
        "nauc_recall_at_100_std": 0.2101708115476184,
        "nauc_recall_at_10_diff1": 0.3219390123222397,
        "nauc_recall_at_10_max": 0.3304767189558313,
        "nauc_recall_at_10_std": 0.02820923890721715,
        "nauc_recall_at_1_diff1": 0.5321204152595664,
        "nauc_recall_at_1_max": 0.36489301258670664,
        "nauc_recall_at_1_std": -0.06963520001721912,
        "nauc_recall_at_20_diff1": 0.29692522188085085,
        "nauc_recall_at_20_max": 0.3230946371404974,
        "nauc_recall_at_20_std": 0.06552200748663439,
        "nauc_recall_at_3_diff1": 0.3748426196625945,
        "nauc_recall_at_3_max": 0.3434152336975721,
        "nauc_recall_at_3_std": -0.038389318336190775,
        "nauc_recall_at_5_diff1": 0.36905078050943013,
        "nauc_recall_at_5_max": 0.32422103842141853,
        "nauc_recall_at_5_std": -0.038529843217804324,
        "ndcg_at_1": 0.29384,
        "ndcg_at_10": 0.40745,
        "ndcg_at_100": 0.46658,
        "ndcg_at_1000": 0.48771,
        "ndcg_at_20": 0.43085,
        "ndcg_at_3": 0.35323,
        "ndcg_at_5": 0.37875,
        "precision_at_1": 0.29384,
        "precision_at_10": 0.0709,
        "precision_at_100": 0.01136,
        "precision_at_1000": 0.00141,
        "precision_at_20": 0.04216,
        "precision_at_3": 0.16231,
        "precision_at_5": 0.1166,
        "recall_at_1": 0.25113,
        "recall_at_10": 0.5388,
        "recall_at_100": 0.79267,
        "recall_at_1000": 0.94047,
        "recall_at_20": 0.62148,
        "recall_at_3": 0.39059,
        "recall_at_5": 0.45488
      }
    ]
  },
  "task_name": "CQADupstackUnixRetrieval"
}