{
  "dataset_revision": "90fceea13679c63fe563ded68f3b6f06e50061de",
  "evaluation_time": 129.7592749595642,
  "kg_co2_emissions": null,
  "mteb_version": "1.1.1",
  "scores": {
    "test": [
      {
        "hf_subset": "default",
        "languages": [
          "eng-Latn"
        ],
        "main_score": 0.3189,
        "map_at_1": 0.17593,
        "map_at_10": 0.26271,
        "map_at_100": 0.27703,
        "map_at_1000": 0.27844,
        "map_at_20": 0.27138,
        "map_at_3": 0.23182,
        "map_at_5": 0.24813,
        "mrr_at_1": 0.22139303482587064,
        "mrr_at_10": 0.30903814262023205,
        "mrr_at_100": 0.31975266681439113,
        "mrr_at_1000": 0.3205258056520313,
        "mrr_at_20": 0.3160495173261738,
        "mrr_at_3": 0.281301824212272,
        "mrr_at_5": 0.29641376451077944,
        "nauc_map_at_1000_diff1": 0.27550115907867523,
        "nauc_map_at_1000_max": 0.2190993646875365,
        "nauc_map_at_1000_std": 0.03428689680710507,
        "nauc_map_at_100_diff1": 0.27568672121927723,
        "nauc_map_at_100_max": 0.21910120835163907,
        "nauc_map_at_100_std": 0.03456965130798506,
        "nauc_map_at_10_diff1": 0.27569064363190116,
        "nauc_map_at_10_max": 0.21204602354517504,
        "nauc_map_at_10_std": 0.02599771382132326,
        "nauc_map_at_1_diff1": 0.30930973686342844,
        "nauc_map_at_1_max": 0.22626757207629028,
        "nauc_map_at_1_std": 0.006891379669981867,
        "nauc_map_at_20_diff1": 0.27415264640924464,
        "nauc_map_at_20_max": 0.21708604524572278,
        "nauc_map_at_20_std": 0.03126763868509501,
        "nauc_map_at_3_diff1": 0.2680030332395983,
        "nauc_map_at_3_max": 0.20650101568335097,
        "nauc_map_at_3_std": 0.028061140945919126,
        "nauc_map_at_5_diff1": 0.27825761300130264,
        "nauc_map_at_5_max": 0.21015242898347608,
        "nauc_map_at_5_std": 0.019699068882729428,
        "nauc_mrr_at_1000_diff1": 0.27478271951011235,
        "nauc_mrr_at_1000_max": 0.2171391408847994,
        "nauc_mrr_at_1000_std": 0.02091346152720133,
        "nauc_mrr_at_100_diff1": 0.27490052382406455,
        "nauc_mrr_at_100_max": 0.21731530324530302,
        "nauc_mrr_at_100_std": 0.02119571999833745,
        "nauc_mrr_at_10_diff1": 0.2746862208802411,
        "nauc_mrr_at_10_max": 0.21458914193838255,
        "nauc_mrr_at_10_std": 0.01486606091984418,
        "nauc_mrr_at_1_diff1": 0.30725975329111654,
        "nauc_mrr_at_1_max": 0.2172124009315204,
        "nauc_mrr_at_1_std": -0.006744641145103819,
        "nauc_mrr_at_20_diff1": 0.27398686530409194,
        "nauc_mrr_at_20_max": 0.21701153300964146,
        "nauc_mrr_at_20_std": 0.018695328496089375,
        "nauc_mrr_at_3_diff1": 0.26879295438774364,
        "nauc_mrr_at_3_max": 0.21558682475425706,
        "nauc_mrr_at_3_std": 0.01792130905804523,
        "nauc_mrr_at_5_diff1": 0.2746987906954977,
        "nauc_mrr_at_5_max": 0.21503605169043,
        "nauc_mrr_at_5_std": 0.012670193396310859,
        "nauc_ndcg_at_1000_diff1": 0.27078512466160676,
        "nauc_ndcg_at_1000_max": 0.22850814052854057,
        "nauc_ndcg_at_1000_std": 0.05886966682096584,
        "nauc_ndcg_at_100_diff1": 0.27341948185689463,
        "nauc_ndcg_at_100_max": 0.23106695049705847,
        "nauc_ndcg_at_100_std": 0.06674249963544074,
        "nauc_ndcg_at_10_diff1": 0.27046022871185593,
        "nauc_ndcg_at_10_max": 0.21150405194743435,
        "nauc_ndcg_at_10_std": 0.03230784496433802,
        "nauc_ndcg_at_1_diff1": 0.30725975329111654,
        "nauc_ndcg_at_1_max": 0.2172124009315204,
        "nauc_ndcg_at_1_std": -0.006744641145103819,
        "nauc_ndcg_at_20_diff1": 0.26668055844895167,
        "nauc_ndcg_at_20_max": 0.22462149183392868,
        "nauc_ndcg_at_20_std": 0.04768104086857805,
        "nauc_ndcg_at_3_diff1": 0.25944194097165424,
        "nauc_ndcg_at_3_max": 0.20993242361236641,
        "nauc_ndcg_at_3_std": 0.0287209831813192,
        "nauc_ndcg_at_5_diff1": 0.27433350134102896,
        "nauc_ndcg_at_5_max": 0.2102130577329743,
        "nauc_ndcg_at_5_std": 0.01865462342124529,
        "nauc_precision_at_1000_diff1": 0.006146503872343422,
        "nauc_precision_at_1000_max": 0.050327432147638046,
        "nauc_precision_at_1000_std": -0.01594186938219919,
        "nauc_precision_at_100_diff1": 0.1033279437111044,
        "nauc_precision_at_100_max": 0.1699066231564933,
        "nauc_precision_at_100_std": 0.06825721508204913,
        "nauc_precision_at_10_diff1": 0.19694716988078453,
        "nauc_precision_at_10_max": 0.19251170940868365,
        "nauc_precision_at_10_std": 0.029546038778866877,
        "nauc_precision_at_1_diff1": 0.30725975329111654,
        "nauc_precision_at_1_max": 0.2172124009315204,
        "nauc_precision_at_1_std": -0.006744641145103819,
        "nauc_precision_at_20_diff1": 0.15519580357507182,
        "nauc_precision_at_20_max": 0.20856859748309345,
        "nauc_precision_at_20_std": 0.06502332849524445,
        "nauc_precision_at_3_diff1": 0.22001190953552693,
        "nauc_precision_at_3_max": 0.19066256619830826,
        "nauc_precision_at_3_std": 0.029743003402057957,
        "nauc_precision_at_5_diff1": 0.24003318552966377,
        "nauc_precision_at_5_max": 0.19211135754469685,
        "nauc_precision_at_5_std": 0.006565060802243854,
        "nauc_recall_at_1000_diff1": 0.19534965692569803,
        "nauc_recall_at_1000_max": 0.297408466732212,
        "nauc_recall_at_1000_std": 0.4147385335849894,
        "nauc_recall_at_100_diff1": 0.25210593069258647,
        "nauc_recall_at_100_max": 0.2561632425257888,
        "nauc_recall_at_100_std": 0.24127196132947956,
        "nauc_recall_at_10_diff1": 0.24362974459520467,
        "nauc_recall_at_10_max": 0.18865979299218533,
        "nauc_recall_at_10_std": 0.05525082734729785,
        "nauc_recall_at_1_diff1": 0.30930973686342844,
        "nauc_recall_at_1_max": 0.22626757207629028,
        "nauc_recall_at_1_std": 0.006891379669981867,
        "nauc_recall_at_20_diff1": 0.2295853160722812,
        "nauc_recall_at_20_max": 0.2272254693242528,
        "nauc_recall_at_20_std": 0.10703518984304213,
        "nauc_recall_at_3_diff1": 0.2269622483113659,
        "nauc_recall_at_3_max": 0.18583696117409387,
        "nauc_recall_at_3_std": 0.0492577311739108,
        "nauc_recall_at_5_diff1": 0.2534334296322642,
        "nauc_recall_at_5_max": 0.18467725170275812,
        "nauc_recall_at_5_std": 0.02125856262043686,
        "ndcg_at_1": 0.22139,
        "ndcg_at_10": 0.3189,
        "ndcg_at_100": 0.38087,
        "ndcg_at_1000": 0.41038,
        "ndcg_at_20": 0.34642,
        "ndcg_at_3": 0.26367,
        "ndcg_at_5": 0.2879,
        "precision_at_1": 0.22139,
        "precision_at_10": 0.06132,
        "precision_at_100": 0.01062,
        "precision_at_1000": 0.00144,
        "precision_at_20": 0.03818,
        "precision_at_3": 0.12728,
        "precision_at_5": 0.09478,
        "recall_at_1": 0.17593,
        "recall_at_10": 0.44431,
        "recall_at_100": 0.70621,
        "recall_at_1000": 0.91115,
        "recall_at_20": 0.54236,
        "recall_at_3": 0.29327,
        "recall_at_5": 0.35444
      }
    ]
  },
  "task_name": "CQADupstackMathematicaRetrieval"
}