{
  "dataset_revision": "79531abbd1fb92d06c6d6315a0cbbbf5bb247ea4",
  "evaluation_time": 218.24909591674805,
  "kg_co2_emissions": null,
  "mteb_version": "1.1.1",
  "scores": {
    "test": [
      {
        "hf_subset": "default",
        "languages": [
          "eng-Latn"
        ],
        "main_score": 0.50221,
        "map_at_1": 0.32035,
        "map_at_10": 0.43641,
        "map_at_100": 0.45029,
        "map_at_1000": 0.4514,
        "map_at_20": 0.44468,
        "map_at_3": 0.39699,
        "map_at_5": 0.41961,
        "mrr_at_1": 0.39846005774783444,
        "mrr_at_10": 0.4943768428128387,
        "mrr_at_100": 0.5021302212214095,
        "mrr_at_1000": 0.5025403477430984,
        "mrr_at_20": 0.49920920854730555,
        "mrr_at_3": 0.4632659608598009,
        "mrr_at_5": 0.48188963747192753,
        "nauc_map_at_1000_diff1": 0.4678370783948229,
        "nauc_map_at_1000_max": 0.30831764263873945,
        "nauc_map_at_1000_std": -0.0862189117586871,
        "nauc_map_at_100_diff1": 0.46719798026915893,
        "nauc_map_at_100_max": 0.307866854588077,
        "nauc_map_at_100_std": -0.08657454833083288,
        "nauc_map_at_10_diff1": 0.4672622786965444,
        "nauc_map_at_10_max": 0.3009190702942053,
        "nauc_map_at_10_std": -0.0961273938729136,
        "nauc_map_at_1_diff1": 0.5089984851305798,
        "nauc_map_at_1_max": 0.26349609925053846,
        "nauc_map_at_1_std": -0.11780870017768583,
        "nauc_map_at_20_diff1": 0.4665220528224817,
        "nauc_map_at_20_max": 0.30597463032178296,
        "nauc_map_at_20_std": -0.08891033048025482,
        "nauc_map_at_3_diff1": 0.4752982468653698,
        "nauc_map_at_3_max": 0.28949794346207797,
        "nauc_map_at_3_std": -0.1083055661167163,
        "nauc_map_at_5_diff1": 0.4659482169031971,
        "nauc_map_at_5_max": 0.2954278010636597,
        "nauc_map_at_5_std": -0.09897030303699451,
        "nauc_mrr_at_1000_diff1": 0.4664485735851968,
        "nauc_mrr_at_1000_max": 0.34068959858133346,
        "nauc_mrr_at_1000_std": -0.04927529748483845,
        "nauc_mrr_at_100_diff1": 0.4662372733588774,
        "nauc_mrr_at_100_max": 0.34068785078054264,
        "nauc_mrr_at_100_std": -0.04909828931060968,
        "nauc_mrr_at_10_diff1": 0.46660039944902776,
        "nauc_mrr_at_10_max": 0.3385780082678638,
        "nauc_mrr_at_10_std": -0.05310518947654079,
        "nauc_mrr_at_1_diff1": 0.5001621800060936,
        "nauc_mrr_at_1_max": 0.33854961914629955,
        "nauc_mrr_at_1_std": -0.05265504110181103,
        "nauc_mrr_at_20_diff1": 0.466313890963395,
        "nauc_mrr_at_20_max": 0.34066742021712637,
        "nauc_mrr_at_20_std": -0.04895484208109359,
        "nauc_mrr_at_3_diff1": 0.4719528542400282,
        "nauc_mrr_at_3_max": 0.34084892237000736,
        "nauc_mrr_at_3_std": -0.05595059067851016,
        "nauc_mrr_at_5_diff1": 0.465274447919573,
        "nauc_mrr_at_5_max": 0.33794714731469966,
        "nauc_mrr_at_5_std": -0.05379481235641815,
        "nauc_ndcg_at_1000_diff1": 0.4592516471089452,
        "nauc_ndcg_at_1000_max": 0.3297919501317916,
        "nauc_ndcg_at_1000_std": -0.053482086501533986,
        "nauc_ndcg_at_100_diff1": 0.4515235781390597,
        "nauc_ndcg_at_100_max": 0.3272466945424667,
        "nauc_ndcg_at_100_std": -0.05156029990669791,
        "nauc_ndcg_at_10_diff1": 0.4548431006394927,
        "nauc_ndcg_at_10_max": 0.30986735691447,
        "nauc_ndcg_at_10_std": -0.08357062469908319,
        "nauc_ndcg_at_1_diff1": 0.5001621800060936,
        "nauc_ndcg_at_1_max": 0.33854961914629955,
        "nauc_ndcg_at_1_std": -0.05265504110181103,
        "nauc_ndcg_at_20_diff1": 0.45231395597502105,
        "nauc_ndcg_at_20_max": 0.32169056655634265,
        "nauc_ndcg_at_20_std": -0.06423935738673188,
        "nauc_ndcg_at_3_diff1": 0.46821701528627496,
        "nauc_ndcg_at_3_max": 0.31561469865916664,
        "nauc_ndcg_at_3_std": -0.08578217048781478,
        "nauc_ndcg_at_5_diff1": 0.4534429335235711,
        "nauc_ndcg_at_5_max": 0.30873602060250493,
        "nauc_ndcg_at_5_std": -0.08026937847153641,
        "nauc_precision_at_1000_diff1": -0.04201141581200955,
        "nauc_precision_at_1000_max": 0.10191894419134243,
        "nauc_precision_at_1000_std": 0.22108308889449824,
        "nauc_precision_at_100_diff1": 0.010545449478434736,
        "nauc_precision_at_100_max": 0.20579549482841653,
        "nauc_precision_at_100_std": 0.2345511677115206,
        "nauc_precision_at_10_diff1": 0.16156288234498534,
        "nauc_precision_at_10_max": 0.2811840982810139,
        "nauc_precision_at_10_std": 0.08812041285487901,
        "nauc_precision_at_1_diff1": 0.5001621800060936,
        "nauc_precision_at_1_max": 0.33854961914629955,
        "nauc_precision_at_1_std": -0.05265504110181103,
        "nauc_precision_at_20_diff1": 0.09596237371351451,
        "nauc_precision_at_20_max": 0.2763201729475416,
        "nauc_precision_at_20_std": 0.16283459332532174,
        "nauc_precision_at_3_diff1": 0.31912997173334534,
        "nauc_precision_at_3_max": 0.3356853268571674,
        "nauc_precision_at_3_std": 0.001955861720386709,
        "nauc_precision_at_5_diff1": 0.22736882755919888,
        "nauc_precision_at_5_max": 0.31411891869920067,
        "nauc_precision_at_5_std": 0.04855126302949343,
        "nauc_recall_at_1000_diff1": 0.28039226296879216,
        "nauc_recall_at_1000_max": 0.5763521725574459,
        "nauc_recall_at_1000_std": 0.37914240528622645,
        "nauc_recall_at_100_diff1": 0.2894580155524864,
        "nauc_recall_at_100_max": 0.33837115428468834,
        "nauc_recall_at_100_std": 0.11271996642517797,
        "nauc_recall_at_10_diff1": 0.38100565433651157,
        "nauc_recall_at_10_max": 0.27215697316977305,
        "nauc_recall_at_10_std": -0.08774255698802845,
        "nauc_recall_at_1_diff1": 0.5089984851305798,
        "nauc_recall_at_1_max": 0.26349609925053846,
        "nauc_recall_at_1_std": -0.11780870017768583,
        "nauc_recall_at_20_diff1": 0.3610549909913414,
        "nauc_recall_at_20_max": 0.30840363129131304,
        "nauc_recall_at_20_std": -0.01412292720898274,
        "nauc_recall_at_3_diff1": 0.4298004290939525,
        "nauc_recall_at_3_max": 0.27494462381333196,
        "nauc_recall_at_3_std": -0.10855594559945471,
        "nauc_recall_at_5_diff1": 0.3863897576054108,
        "nauc_recall_at_5_max": 0.26257339781138944,
        "nauc_recall_at_5_std": -0.08506733181779852,
        "ndcg_at_1": 0.39846,
        "ndcg_at_10": 0.50221,
        "ndcg_at_100": 0.55539,
        "ndcg_at_1000": 0.57364,
        "ndcg_at_20": 0.52478,
        "ndcg_at_3": 0.43915,
        "ndcg_at_5": 0.47047,
        "precision_at_1": 0.39846,
        "precision_at_10": 0.09259,
        "precision_at_100": 0.0138,
        "precision_at_1000": 0.00172,
        "precision_at_20": 0.05423,
        "precision_at_3": 0.20853,
        "precision_at_5": 0.1513,
        "recall_at_1": 0.32035,
        "recall_at_10": 0.641,
        "recall_at_100": 0.8598,
        "recall_at_1000": 0.97397,
        "recall_at_20": 0.71826,
        "recall_at_3": 0.46509,
        "recall_at_5": 0.54599
      }
    ]
  },
  "task_name": "CQADupstackPhysicsRetrieval"
}