{
  "dataset_revision": "ad9991cb51e31e31e430383c75ffb2885547b5f0",
  "evaluation_time": 211.36313700675964,
  "kg_co2_emissions": null,
  "mteb_version": "1.1.1",
  "scores": {
    "test": [
      {
        "hf_subset": "default",
        "languages": [
          "eng-Latn"
        ],
        "main_score": 0.48218,
        "map_at_1": 0.3148,
        "map_at_10": 0.42463,
        "map_at_100": 0.43689,
        "map_at_1000": 0.43814,
        "map_at_20": 0.43132,
        "map_at_3": 0.39347,
        "map_at_5": 0.41133,
        "mrr_at_1": 0.3942675159235669,
        "mrr_at_10": 0.4819631483166516,
        "mrr_at_100": 0.4884401654995734,
        "mrr_at_1000": 0.48892015632501706,
        "mrr_at_20": 0.4859012691973244,
        "mrr_at_3": 0.4608280254777071,
        "mrr_at_5": 0.4734076433121023,
        "nauc_map_at_1000_diff1": 0.49462914817735243,
        "nauc_map_at_1000_max": 0.3993920933936023,
        "nauc_map_at_1000_std": 0.048349878579117725,
        "nauc_map_at_100_diff1": 0.49495559170277265,
        "nauc_map_at_100_max": 0.39867055441849875,
        "nauc_map_at_100_std": 0.047687658093592905,
        "nauc_map_at_10_diff1": 0.5000296855292025,
        "nauc_map_at_10_max": 0.39026096761818563,
        "nauc_map_at_10_std": 0.033184194057615926,
        "nauc_map_at_1_diff1": 0.5416736374375217,
        "nauc_map_at_1_max": 0.3124670041883251,
        "nauc_map_at_1_std": -0.03657497852863404,
        "nauc_map_at_20_diff1": 0.49659949670588444,
        "nauc_map_at_20_max": 0.39373426429575215,
        "nauc_map_at_20_std": 0.039935552317721584,
        "nauc_map_at_3_diff1": 0.5120404895048994,
        "nauc_map_at_3_max": 0.36951372049250375,
        "nauc_map_at_3_std": 0.003277334507479382,
        "nauc_map_at_5_diff1": 0.5055273680860699,
        "nauc_map_at_5_max": 0.3816290676607597,
        "nauc_map_at_5_std": 0.021125047278717807,
        "nauc_mrr_at_1000_diff1": 0.4816074976405025,
        "nauc_mrr_at_1000_max": 0.4192830182403223,
        "nauc_mrr_at_1000_std": 0.07975400352076457,
        "nauc_mrr_at_100_diff1": 0.48142762505856296,
        "nauc_mrr_at_100_max": 0.41927120709817745,
        "nauc_mrr_at_100_std": 0.0799355105593545,
        "nauc_mrr_at_10_diff1": 0.48275601443522714,
        "nauc_mrr_at_10_max": 0.4195121090464546,
        "nauc_mrr_at_10_std": 0.0764397547643225,
        "nauc_mrr_at_1_diff1": 0.5076253439811622,
        "nauc_mrr_at_1_max": 0.39600319993948724,
        "nauc_mrr_at_1_std": 0.03755817978365054,
        "nauc_mrr_at_20_diff1": 0.4813496822248682,
        "nauc_mrr_at_20_max": 0.41879062385876725,
        "nauc_mrr_at_20_std": 0.07821096439418353,
        "nauc_mrr_at_3_diff1": 0.48250399374956476,
        "nauc_mrr_at_3_max": 0.41696030914284354,
        "nauc_mrr_at_3_std": 0.06747413226970857,
        "nauc_mrr_at_5_diff1": 0.4830299082144111,
        "nauc_mrr_at_5_max": 0.4188344729170446,
        "nauc_mrr_at_5_std": 0.07549446771549159,
        "nauc_ndcg_at_1000_diff1": 0.47516782928402257,
        "nauc_ndcg_at_1000_max": 0.4213023213157919,
        "nauc_ndcg_at_1000_std": 0.10163147636316563,
        "nauc_ndcg_at_100_diff1": 0.4733065382846911,
        "nauc_ndcg_at_100_max": 0.4197155371034032,
        "nauc_ndcg_at_100_std": 0.10494774880543102,
        "nauc_ndcg_at_10_diff1": 0.4815302149787914,
        "nauc_ndcg_at_10_max": 0.4151853576088626,
        "nauc_ndcg_at_10_std": 0.0719622019219696,
        "nauc_ndcg_at_1_diff1": 0.5037990742863432,
        "nauc_ndcg_at_1_max": 0.39878324446778035,
        "nauc_ndcg_at_1_std": 0.0368617436054187,
        "nauc_ndcg_at_20_diff1": 0.47544308375563177,
        "nauc_ndcg_at_20_max": 0.4141276981062258,
        "nauc_ndcg_at_20_std": 0.08164167301976516,
        "nauc_ndcg_at_3_diff1": 0.4845459461675904,
        "nauc_ndcg_at_3_max": 0.40909670812936644,
        "nauc_ndcg_at_3_std": 0.04814185511576927,
        "nauc_ndcg_at_5_diff1": 0.4845385483819261,
        "nauc_ndcg_at_5_max": 0.41036397489531734,
        "nauc_ndcg_at_5_std": 0.06152310935609575,
        "nauc_precision_at_1000_diff1": -0.18823746511602804,
        "nauc_precision_at_1000_max": 0.15753529136231748,
        "nauc_precision_at_1000_std": 0.2449121766593907,
        "nauc_precision_at_100_diff1": -0.12627055407408005,
        "nauc_precision_at_100_max": 0.3021480661197802,
        "nauc_precision_at_100_std": 0.3497524240557084,
        "nauc_precision_at_10_diff1": 0.08395888385962973,
        "nauc_precision_at_10_max": 0.4108817829500039,
        "nauc_precision_at_10_std": 0.2717077078011551,
        "nauc_precision_at_1_diff1": 0.5037990742863432,
        "nauc_precision_at_1_max": 0.39878324446778035,
        "nauc_precision_at_1_std": 0.0368617436054187,
        "nauc_precision_at_20_diff1": -0.005014201844208589,
        "nauc_precision_at_20_max": 0.3746265444481859,
        "nauc_precision_at_20_std": 0.3074347214309116,
        "nauc_precision_at_3_diff1": 0.27097681721771855,
        "nauc_precision_at_3_max": 0.4287933379797085,
        "nauc_precision_at_3_std": 0.1539635472173357,
        "nauc_precision_at_5_diff1": 0.18088115611834016,
        "nauc_precision_at_5_max": 0.42155215312750544,
        "nauc_precision_at_5_std": 0.2237227634868818,
        "nauc_recall_at_1000_diff1": 0.36372151661091634,
        "nauc_recall_at_1000_max": 0.46161326639218025,
        "nauc_recall_at_1000_std": 0.4577899893736978,
        "nauc_recall_at_100_diff1": 0.36855762197575853,
        "nauc_recall_at_100_max": 0.42468026660018415,
        "nauc_recall_at_100_std": 0.3255440790299552,
        "nauc_recall_at_10_diff1": 0.43582856651629004,
        "nauc_recall_at_10_max": 0.3921642261865801,
        "nauc_recall_at_10_std": 0.09989033129871606,
        "nauc_recall_at_1_diff1": 0.5416736374375217,
        "nauc_recall_at_1_max": 0.3124670041883251,
        "nauc_recall_at_1_std": -0.03657497852863404,
        "nauc_recall_at_20_diff1": 0.40331020687245905,
        "nauc_recall_at_20_max": 0.3916943322815318,
        "nauc_recall_at_20_std": 0.14525660605459254,
        "nauc_recall_at_3_diff1": 0.4686833682785837,
        "nauc_recall_at_3_max": 0.36112568974532533,
        "nauc_recall_at_3_std": 0.01870261119511782,
        "nauc_recall_at_5_diff1": 0.4574285754390065,
        "nauc_recall_at_5_max": 0.3727731643337105,
        "nauc_recall_at_5_std": 0.06173340418362507,
        "ndcg_at_1": 0.39554,
        "ndcg_at_10": 0.48218,
        "ndcg_at_100": 0.5252,
        "ndcg_at_1000": 0.54622,
        "ndcg_at_20": 0.49934,
        "ndcg_at_3": 0.44135,
        "ndcg_at_5": 0.46065,
        "precision_at_1": 0.39554,
        "precision_at_10": 0.09051,
        "precision_at_100": 0.01418,
        "precision_at_1000": 0.0019,
        "precision_at_20": 0.05277,
        "precision_at_3": 0.21571,
        "precision_at_5": 0.15185,
        "recall_at_1": 0.3148,
        "recall_at_10": 0.58549,
        "recall_at_100": 0.76644,
        "recall_at_1000": 0.89882,
        "recall_at_20": 0.649,
        "recall_at_3": 0.46068,
        "recall_at_5": 0.51758
      }
    ]
  },
  "task_name": "CQADupstackEnglishRetrieval"
}