{
  "dataset_revision": "65ac3a16b8e91f9cee4c9828cc7c335575432a2a",
  "evaluation_time": 293.86221051216125,
  "kg_co2_emissions": null,
  "mteb_version": "1.1.1",
  "scores": {
    "test": [
      {
        "hf_subset": "default",
        "languages": [
          "eng-Latn"
        ],
        "main_score": 0.36865,
        "map_at_1": 0.24988,
        "map_at_10": 0.32438,
        "map_at_100": 0.33535,
        "map_at_1000": 0.3363,
        "map_at_20": 0.33001,
        "map_at_3": 0.30147,
        "map_at_5": 0.31492,
        "mrr_at_1": 0.2776073619631902,
        "mrr_at_10": 0.3508885967474924,
        "mrr_at_100": 0.36009631885911747,
        "mrr_at_1000": 0.3608439316245093,
        "mrr_at_20": 0.3560782032197681,
        "mrr_at_3": 0.3282208588957056,
        "mrr_at_5": 0.34148773006134975,
        "nauc_map_at_1000_diff1": 0.5338815240445095,
        "nauc_map_at_1000_max": 0.39646096016298277,
        "nauc_map_at_1000_std": 0.03283951568654563,
        "nauc_map_at_100_diff1": 0.5337209708332908,
        "nauc_map_at_100_max": 0.39599306237103427,
        "nauc_map_at_100_std": 0.03257017079334623,
        "nauc_map_at_10_diff1": 0.5368690131597217,
        "nauc_map_at_10_max": 0.3990537557375173,
        "nauc_map_at_10_std": 0.03368849012346514,
        "nauc_map_at_1_diff1": 0.5868934605636026,
        "nauc_map_at_1_max": 0.3956805779703848,
        "nauc_map_at_1_std": -0.013732793425840103,
        "nauc_map_at_20_diff1": 0.5355724745580449,
        "nauc_map_at_20_max": 0.3959358063503949,
        "nauc_map_at_20_std": 0.03175045459115645,
        "nauc_map_at_3_diff1": 0.544050124199371,
        "nauc_map_at_3_max": 0.38595499093617003,
        "nauc_map_at_3_std": 0.006254581594627105,
        "nauc_map_at_5_diff1": 0.5415519264929703,
        "nauc_map_at_5_max": 0.39561185537100696,
        "nauc_map_at_5_std": 0.022982370445355556,
        "nauc_mrr_at_1000_diff1": 0.5308996659105752,
        "nauc_mrr_at_1000_max": 0.407851667207631,
        "nauc_mrr_at_1000_std": 0.052271721905570244,
        "nauc_mrr_at_100_diff1": 0.5305934730791392,
        "nauc_mrr_at_100_max": 0.4075753322285749,
        "nauc_mrr_at_100_std": 0.052236515018556716,
        "nauc_mrr_at_10_diff1": 0.5327085407857008,
        "nauc_mrr_at_10_max": 0.4116554433579407,
        "nauc_mrr_at_10_std": 0.05421252587592242,
        "nauc_mrr_at_1_diff1": 0.5851150554140092,
        "nauc_mrr_at_1_max": 0.42196730051160486,
        "nauc_mrr_at_1_std": 0.02849913408860998,
        "nauc_mrr_at_20_diff1": 0.5314456764479791,
        "nauc_mrr_at_20_max": 0.40768510250965084,
        "nauc_mrr_at_20_std": 0.052118102312420554,
        "nauc_mrr_at_3_diff1": 0.544615496163787,
        "nauc_mrr_at_3_max": 0.40442762343972294,
        "nauc_mrr_at_3_std": 0.03222192257849857,
        "nauc_mrr_at_5_diff1": 0.5357293785876537,
        "nauc_mrr_at_5_max": 0.4095945188539404,
        "nauc_mrr_at_5_std": 0.04215679476166444,
        "nauc_ndcg_at_1000_diff1": 0.497438725115155,
        "nauc_ndcg_at_1000_max": 0.40157997820967223,
        "nauc_ndcg_at_1000_std": 0.0670735236971523,
        "nauc_ndcg_at_100_diff1": 0.494547811551176,
        "nauc_ndcg_at_100_max": 0.39431695016722335,
        "nauc_ndcg_at_100_std": 0.06478152702560973,
        "nauc_ndcg_at_10_diff1": 0.5106212629150072,
        "nauc_ndcg_at_10_max": 0.40427270911805996,
        "nauc_ndcg_at_10_std": 0.06238033924015613,
        "nauc_ndcg_at_1_diff1": 0.5851150554140092,
        "nauc_ndcg_at_1_max": 0.42196730051160486,
        "nauc_ndcg_at_1_std": 0.02849913408860998,
        "nauc_ndcg_at_20_diff1": 0.5069087667531909,
        "nauc_ndcg_at_20_max": 0.39244630078292664,
        "nauc_ndcg_at_20_std": 0.057847658882375474,
        "nauc_ndcg_at_3_diff1": 0.5262611883234113,
        "nauc_ndcg_at_3_max": 0.3889989089156321,
        "nauc_ndcg_at_3_std": 0.020974610081006772,
        "nauc_ndcg_at_5_diff1": 0.5209428031229567,
        "nauc_ndcg_at_5_max": 0.39950477534985296,
        "nauc_ndcg_at_5_std": 0.040145752182605556,
        "nauc_precision_at_1000_diff1": -0.08817312323492216,
        "nauc_precision_at_1000_max": 0.1607252728377463,
        "nauc_precision_at_1000_std": 0.18318218865398303,
        "nauc_precision_at_100_diff1": 0.05635128950957342,
        "nauc_precision_at_100_max": 0.24560844562783307,
        "nauc_precision_at_100_std": 0.20135345510694833,
        "nauc_precision_at_10_diff1": 0.3253439864592651,
        "nauc_precision_at_10_max": 0.39586676550700317,
        "nauc_precision_at_10_std": 0.19891638792113342,
        "nauc_precision_at_1_diff1": 0.5851150554140092,
        "nauc_precision_at_1_max": 0.42196730051160486,
        "nauc_precision_at_1_std": 0.02849913408860998,
        "nauc_precision_at_20_diff1": 0.2586788568068208,
        "nauc_precision_at_20_max": 0.32690742369330456,
        "nauc_precision_at_20_std": 0.1775937460361204,
        "nauc_precision_at_3_diff1": 0.4380675047752196,
        "nauc_precision_at_3_max": 0.3747822253546991,
        "nauc_precision_at_3_std": 0.09112946777169138,
        "nauc_precision_at_5_diff1": 0.40354402099550113,
        "nauc_precision_at_5_max": 0.40120013082498523,
        "nauc_precision_at_5_std": 0.14815977842108957,
        "nauc_recall_at_1000_diff1": 0.13961067107322733,
        "nauc_recall_at_1000_max": 0.41888641681725997,
        "nauc_recall_at_1000_std": 0.31633218977865724,
        "nauc_recall_at_100_diff1": 0.2912013112546324,
        "nauc_recall_at_100_max": 0.33663839600130835,
        "nauc_recall_at_100_std": 0.17021451001124804,
        "nauc_recall_at_10_diff1": 0.4241864859132044,
        "nauc_recall_at_10_max": 0.3926205422233153,
        "nauc_recall_at_10_std": 0.12534820239244202,
        "nauc_recall_at_1_diff1": 0.5868934605636026,
        "nauc_recall_at_1_max": 0.3956805779703848,
        "nauc_recall_at_1_std": -0.013732793425840103,
        "nauc_recall_at_20_diff1": 0.3968365542895261,
        "nauc_recall_at_20_max": 0.33785250658330135,
        "nauc_recall_at_20_std": 0.11124930240740707,
        "nauc_recall_at_3_diff1": 0.4880542019962303,
        "nauc_recall_at_3_max": 0.36117495939332767,
        "nauc_recall_at_3_std": 0.013636373518627348,
        "nauc_recall_at_5_diff1": 0.45860215020640704,
        "nauc_recall_at_5_max": 0.38024903635370344,
        "nauc_recall_at_5_std": 0.06402116104406916,
        "ndcg_at_1": 0.27761,
        "ndcg_at_10": 0.36865,
        "ndcg_at_100": 0.42136,
        "ndcg_at_1000": 0.4449,
        "ndcg_at_20": 0.38787,
        "ndcg_at_3": 0.3266,
        "ndcg_at_5": 0.34735,
        "precision_at_1": 0.27761,
        "precision_at_10": 0.05874,
        "precision_at_100": 0.00933,
        "precision_at_1000": 0.0012,
        "precision_at_20": 0.0342,
        "precision_at_3": 0.14162,
        "precision_at_5": 0.09847,
        "recall_at_1": 0.24988,
        "recall_at_10": 0.47592,
        "recall_at_100": 0.71363,
        "recall_at_1000": 0.88685,
        "recall_at_20": 0.54862,
        "recall_at_3": 0.36045,
        "recall_at_5": 0.41318
      }
    ]
  },
  "task_name": "CQADupstackStatsRetrieval"
}