{
  "dataset_revision": "160c094312a0e1facb97e55eeddb698c0abe3571",
  "evaluation_time": 98.67482328414917,
  "kg_co2_emissions": null,
  "mteb_version": "1.1.1",
  "scores": {
    "test": [
      {
        "hf_subset": "default",
        "languages": [
          "eng-Latn"
        ],
        "main_score": 0.41343,
        "map_at_1": 0.26117,
        "map_at_10": 0.35437,
        "map_at_100": 0.37259,
        "map_at_1000": 0.37491,
        "map_at_20": 0.36434,
        "map_at_3": 0.32268,
        "map_at_5": 0.34061,
        "mrr_at_1": 0.32806324110671936,
        "mrr_at_10": 0.4071938327373109,
        "mrr_at_100": 0.4189051353240742,
        "mrr_at_1000": 0.41947553132449344,
        "mrr_at_20": 0.414611132914098,
        "mrr_at_3": 0.38274044795783946,
        "mrr_at_5": 0.39687088274044807,
        "nauc_map_at_1000_diff1": 0.42563686678210555,
        "nauc_map_at_1000_max": 0.33374044885668763,
        "nauc_map_at_1000_std": 0.12462562906673304,
        "nauc_map_at_100_diff1": 0.4250391560259527,
        "nauc_map_at_100_max": 0.3354855201195729,
        "nauc_map_at_100_std": 0.12323424129277727,
        "nauc_map_at_10_diff1": 0.42752598974247263,
        "nauc_map_at_10_max": 0.3312368194208636,
        "nauc_map_at_10_std": 0.11144686490196373,
        "nauc_map_at_1_diff1": 0.468154583592714,
        "nauc_map_at_1_max": 0.3285525644324207,
        "nauc_map_at_1_std": 0.058023461810489674,
        "nauc_map_at_20_diff1": 0.4259731534953479,
        "nauc_map_at_20_max": 0.33518675252334273,
        "nauc_map_at_20_std": 0.11647560696534567,
        "nauc_map_at_3_diff1": 0.4453667659992815,
        "nauc_map_at_3_max": 0.3335402556653531,
        "nauc_map_at_3_std": 0.10105989799684449,
        "nauc_map_at_5_diff1": 0.4345238761573531,
        "nauc_map_at_5_max": 0.3339928080461813,
        "nauc_map_at_5_std": 0.10587865146895731,
        "nauc_mrr_at_1000_diff1": 0.4023637957947185,
        "nauc_mrr_at_1000_max": 0.34245801319706476,
        "nauc_mrr_at_1000_std": 0.15547530537927082,
        "nauc_mrr_at_100_diff1": 0.40247618683589764,
        "nauc_mrr_at_100_max": 0.34260786355220263,
        "nauc_mrr_at_100_std": 0.15563675579179156,
        "nauc_mrr_at_10_diff1": 0.40332952429445446,
        "nauc_mrr_at_10_max": 0.33860596265767995,
        "nauc_mrr_at_10_std": 0.15421877063411066,
        "nauc_mrr_at_1_diff1": 0.41630634855434173,
        "nauc_mrr_at_1_max": 0.35378120143603115,
        "nauc_mrr_at_1_std": 0.11639149569374145,
        "nauc_mrr_at_20_diff1": 0.40195400542928983,
        "nauc_mrr_at_20_max": 0.3417773806591087,
        "nauc_mrr_at_20_std": 0.15478541075346702,
        "nauc_mrr_at_3_diff1": 0.4042694558613487,
        "nauc_mrr_at_3_max": 0.33678416453506743,
        "nauc_mrr_at_3_std": 0.15005693206597387,
        "nauc_mrr_at_5_diff1": 0.4055299718014925,
        "nauc_mrr_at_5_max": 0.3443674482701635,
        "nauc_mrr_at_5_std": 0.1539342611684713,
        "nauc_ndcg_at_1000_diff1": 0.4094292193369914,
        "nauc_ndcg_at_1000_max": 0.34336898161032103,
        "nauc_ndcg_at_1000_std": 0.15654714175579662,
        "nauc_ndcg_at_100_diff1": 0.4042119671840446,
        "nauc_ndcg_at_100_max": 0.34631103937611296,
        "nauc_ndcg_at_100_std": 0.1655795610815254,
        "nauc_ndcg_at_10_diff1": 0.4097968245291616,
        "nauc_ndcg_at_10_max": 0.32171985551954574,
        "nauc_ndcg_at_10_std": 0.1489757479521589,
        "nauc_ndcg_at_1_diff1": 0.41630634855434173,
        "nauc_ndcg_at_1_max": 0.35378120143603115,
        "nauc_ndcg_at_1_std": 0.11639149569374145,
        "nauc_ndcg_at_20_diff1": 0.40490849553219066,
        "nauc_ndcg_at_20_max": 0.33377620587410906,
        "nauc_ndcg_at_20_std": 0.15124700557956502,
        "nauc_ndcg_at_3_diff1": 0.426913435983886,
        "nauc_ndcg_at_3_max": 0.33503777723278977,
        "nauc_ndcg_at_3_std": 0.13897650394439562,
        "nauc_ndcg_at_5_diff1": 0.4185394426597224,
        "nauc_ndcg_at_5_max": 0.33123173964723246,
        "nauc_ndcg_at_5_std": 0.14596432352512032,
        "nauc_precision_at_1000_diff1": 0.013590598969573212,
        "nauc_precision_at_1000_max": -0.1294185944148623,
        "nauc_precision_at_1000_std": 0.19760078888936006,
        "nauc_precision_at_100_diff1": 0.04137287905848682,
        "nauc_precision_at_100_max": -0.0015094720722122958,
        "nauc_precision_at_100_std": 0.2570230330690669,
        "nauc_precision_at_10_diff1": 0.14765459945343665,
        "nauc_precision_at_10_max": 0.19903839841103757,
        "nauc_precision_at_10_std": 0.2166640033912244,
        "nauc_precision_at_1_diff1": 0.41630634855434173,
        "nauc_precision_at_1_max": 0.35378120143603115,
        "nauc_precision_at_1_std": 0.11639149569374145,
        "nauc_precision_at_20_diff1": 0.08052097365248195,
        "nauc_precision_at_20_max": 0.13679751736179072,
        "nauc_precision_at_20_std": 0.2353216201663867,
        "nauc_precision_at_3_diff1": 0.29345196363963405,
        "nauc_precision_at_3_max": 0.30771318854652335,
        "nauc_precision_at_3_std": 0.1874518602206507,
        "nauc_precision_at_5_diff1": 0.21832787510920354,
        "nauc_precision_at_5_max": 0.2586900907319314,
        "nauc_precision_at_5_std": 0.1918873429325791,
        "nauc_recall_at_1000_diff1": 0.13312936417530866,
        "nauc_recall_at_1000_max": 0.527523514049609,
        "nauc_recall_at_1000_std": 0.5505367809733882,
        "nauc_recall_at_100_diff1": 0.29902760728333927,
        "nauc_recall_at_100_max": 0.3756672766080195,
        "nauc_recall_at_100_std": 0.3427513674385736,
        "nauc_recall_at_10_diff1": 0.35045954697241805,
        "nauc_recall_at_10_max": 0.28066126985224255,
        "nauc_recall_at_10_std": 0.18152090333079016,
        "nauc_recall_at_1_diff1": 0.468154583592714,
        "nauc_recall_at_1_max": 0.3285525644324207,
        "nauc_recall_at_1_std": 0.058023461810489674,
        "nauc_recall_at_20_diff1": 0.30960954961805975,
        "nauc_recall_at_20_max": 0.30303950520016076,
        "nauc_recall_at_20_std": 0.1890707389471996,
        "nauc_recall_at_3_diff1": 0.41899581488776394,
        "nauc_recall_at_3_max": 0.31420785909198234,
        "nauc_recall_at_3_std": 0.144868941166401,
        "nauc_recall_at_5_diff1": 0.3874686415996375,
        "nauc_recall_at_5_max": 0.3121997345141054,
        "nauc_recall_at_5_std": 0.162888750015763,
        "ndcg_at_1": 0.32806,
        "ndcg_at_10": 0.41343,
        "ndcg_at_100": 0.48015,
        "ndcg_at_1000": 0.50414,
        "ndcg_at_20": 0.44195,
        "ndcg_at_3": 0.36481,
        "ndcg_at_5": 0.39004,
        "precision_at_1": 0.32806,
        "precision_at_10": 0.07846,
        "precision_at_100": 0.01611,
        "precision_at_1000": 0.00249,
        "precision_at_20": 0.05079,
        "precision_at_3": 0.16996,
        "precision_at_5": 0.12609,
        "recall_at_1": 0.26117,
        "recall_at_10": 0.52227,
        "recall_at_100": 0.81569,
        "recall_at_1000": 0.96249,
        "recall_at_20": 0.63011,
        "recall_at_3": 0.38551,
        "recall_at_5": 0.44914
      }
    ]
  },
  "task_name": "CQADupstackWebmastersRetrieval"
}