{
  "dataset_revision": "4885aa143210c98657558c04aaf3dc47cfb54340",
  "evaluation_time": 244.37888932228088,
  "kg_co2_emissions": null,
  "mteb_version": "1.1.1",
  "scores": {
    "test": [
      {
        "hf_subset": "default",
        "languages": [
          "eng-Latn"
        ],
        "main_score": 0.57854,
        "map_at_1": 0.37903,
        "map_at_10": 0.51587,
        "map_at_100": 0.52671,
        "map_at_1000": 0.52724,
        "map_at_20": 0.52275,
        "map_at_3": 0.48106,
        "map_at_5": 0.50153,
        "mrr_at_1": 0.43636363636363634,
        "mrr_at_10": 0.5468602278947119,
        "mrr_at_100": 0.5534033821582512,
        "mrr_at_1000": 0.5536702482467459,
        "mrr_at_20": 0.5510457482028388,
        "mrr_at_3": 0.5192267502612338,
        "mrr_at_5": 0.5358411703239301,
        "nauc_map_at_1000_diff1": 0.5286121251916895,
        "nauc_map_at_1000_max": 0.38621095241710196,
        "nauc_map_at_1000_std": -0.054031248601415754,
        "nauc_map_at_100_diff1": 0.5284681996281364,
        "nauc_map_at_100_max": 0.3861348749962654,
        "nauc_map_at_100_std": -0.053944586365294825,
        "nauc_map_at_10_diff1": 0.5292300915359919,
        "nauc_map_at_10_max": 0.3795866015333278,
        "nauc_map_at_10_std": -0.0635710822288774,
        "nauc_map_at_1_diff1": 0.5784564368532273,
        "nauc_map_at_1_max": 0.3307191101945239,
        "nauc_map_at_1_std": -0.07673526304326711,
        "nauc_map_at_20_diff1": 0.5274614755418874,
        "nauc_map_at_20_max": 0.3837072043211415,
        "nauc_map_at_20_std": -0.0573031620307121,
        "nauc_map_at_3_diff1": 0.5420191986149074,
        "nauc_map_at_3_max": 0.3718339842015119,
        "nauc_map_at_3_std": -0.07677557124729006,
        "nauc_map_at_5_diff1": 0.5333329952880523,
        "nauc_map_at_5_max": 0.37285632966494286,
        "nauc_map_at_5_std": -0.0725609798527174,
        "nauc_mrr_at_1000_diff1": 0.5262251404864635,
        "nauc_mrr_at_1000_max": 0.39728337770589917,
        "nauc_mrr_at_1000_std": -0.04399943717526318,
        "nauc_mrr_at_100_diff1": 0.5261319758418407,
        "nauc_mrr_at_100_max": 0.39744103616770066,
        "nauc_mrr_at_100_std": -0.04372482719163735,
        "nauc_mrr_at_10_diff1": 0.5245653093683735,
        "nauc_mrr_at_10_max": 0.3948230467528814,
        "nauc_mrr_at_10_std": -0.048017262807020976,
        "nauc_mrr_at_1_diff1": 0.5758809517671272,
        "nauc_mrr_at_1_max": 0.3872301250040918,
        "nauc_mrr_at_1_std": -0.05848265239109288,
        "nauc_mrr_at_20_diff1": 0.5247763839893201,
        "nauc_mrr_at_20_max": 0.39677033322839106,
        "nauc_mrr_at_20_std": -0.04495765637771371,
        "nauc_mrr_at_3_diff1": 0.5340142890379457,
        "nauc_mrr_at_3_max": 0.39574115104680485,
        "nauc_mrr_at_3_std": -0.05438736984259911,
        "nauc_mrr_at_5_diff1": 0.5264762960756723,
        "nauc_mrr_at_5_max": 0.3932609905960666,
        "nauc_mrr_at_5_std": -0.050939128237043545,
        "nauc_ndcg_at_1000_diff1": 0.5136603230302027,
        "nauc_ndcg_at_1000_max": 0.4039654810301842,
        "nauc_ndcg_at_1000_std": -0.02786978343501123,
        "nauc_ndcg_at_100_diff1": 0.5097842254433607,
        "nauc_ndcg_at_100_max": 0.40861585952411916,
        "nauc_ndcg_at_100_std": -0.01927994425357437,
        "nauc_ndcg_at_10_diff1": 0.5031594054947688,
        "nauc_ndcg_at_10_max": 0.3900706834869688,
        "nauc_ndcg_at_10_std": -0.048193156745778544,
        "nauc_ndcg_at_1_diff1": 0.5758809517671272,
        "nauc_ndcg_at_1_max": 0.3872301250040918,
        "nauc_ndcg_at_1_std": -0.05848265239109288,
        "nauc_ndcg_at_20_diff1": 0.5008599557370073,
        "nauc_ndcg_at_20_max": 0.39897440996982375,
        "nauc_ndcg_at_20_std": -0.03290721923226548,
        "nauc_ndcg_at_3_diff1": 0.5274057714057646,
        "nauc_ndcg_at_3_max": 0.3839810867433761,
        "nauc_ndcg_at_3_std": -0.06816765414009618,
        "nauc_ndcg_at_5_diff1": 0.5128073318971507,
        "nauc_ndcg_at_5_max": 0.38253376494464186,
        "nauc_ndcg_at_5_std": -0.06298380801088865,
        "nauc_precision_at_1000_diff1": -0.12756843814252655,
        "nauc_precision_at_1000_max": 0.16702944893726393,
        "nauc_precision_at_1000_std": 0.21009027719503642,
        "nauc_precision_at_100_diff1": -0.07360130082486914,
        "nauc_precision_at_100_max": 0.23562237361336036,
        "nauc_precision_at_100_std": 0.238875552980143,
        "nauc_precision_at_10_diff1": 0.0938970865853473,
        "nauc_precision_at_10_max": 0.3054685414100172,
        "nauc_precision_at_10_std": 0.11722127893336574,
        "nauc_precision_at_1_diff1": 0.5758809517671272,
        "nauc_precision_at_1_max": 0.3872301250040918,
        "nauc_precision_at_1_std": -0.05848265239109288,
        "nauc_precision_at_20_diff1": 0.00047554844455741774,
        "nauc_precision_at_20_max": 0.27481540330846077,
        "nauc_precision_at_20_std": 0.1782892585181462,
        "nauc_precision_at_3_diff1": 0.32007611949875353,
        "nauc_precision_at_3_max": 0.3666293357912761,
        "nauc_precision_at_3_std": -0.0020450978661457845,
        "nauc_precision_at_5_diff1": 0.21569504700006062,
        "nauc_precision_at_5_max": 0.3249671537646116,
        "nauc_precision_at_5_std": 0.03214140190192447,
        "nauc_recall_at_1000_diff1": 0.2842020369305676,
        "nauc_recall_at_1000_max": 0.6281706050828862,
        "nauc_recall_at_1000_std": 0.5376977985731689,
        "nauc_recall_at_100_diff1": 0.3600040052701313,
        "nauc_recall_at_100_max": 0.5588982639248967,
        "nauc_recall_at_100_std": 0.3004836931762265,
        "nauc_recall_at_10_diff1": 0.3850396983663567,
        "nauc_recall_at_10_max": 0.36913118947853607,
        "nauc_recall_at_10_std": -0.031026327813105117,
        "nauc_recall_at_1_diff1": 0.5784564368532273,
        "nauc_recall_at_1_max": 0.3307191101945239,
        "nauc_recall_at_1_std": -0.07673526304326711,
        "nauc_recall_at_20_diff1": 0.35170109218778506,
        "nauc_recall_at_20_max": 0.4244746372255253,
        "nauc_recall_at_20_std": 0.06562705825600319,
        "nauc_recall_at_3_diff1": 0.4874222235005192,
        "nauc_recall_at_3_max": 0.3666151080425045,
        "nauc_recall_at_3_std": -0.08356000255944579,
        "nauc_recall_at_5_diff1": 0.4406449770020882,
        "nauc_recall_at_5_max": 0.35728363474963043,
        "nauc_recall_at_5_std": -0.06942840715041279,
        "ndcg_at_1": 0.43636,
        "ndcg_at_10": 0.57854,
        "ndcg_at_100": 0.61905,
        "ndcg_at_1000": 0.62968,
        "ndcg_at_20": 0.59743,
        "ndcg_at_3": 0.51945,
        "ndcg_at_5": 0.54924,
        "precision_at_1": 0.43636,
        "precision_at_10": 0.0953,
        "precision_at_100": 0.01253,
        "precision_at_1000": 0.00138,
        "precision_at_20": 0.05354,
        "precision_at_3": 0.23678,
        "precision_at_5": 0.16351,
        "recall_at_1": 0.37903,
        "recall_at_10": 0.73214,
        "recall_at_100": 0.90425,
        "recall_at_1000": 0.98048,
        "recall_at_20": 0.80088,
        "recall_at_3": 0.57413,
        "recall_at_5": 0.64672
      }
    ]
  },
  "task_name": "CQADupstackGamingRetrieval"
}