{
  "dataset_revision": "4ffe81d471b1924886b33c7567bfb200e9eec5c4",
  "evaluation_time": 290.77588081359863,
  "kg_co2_emissions": null,
  "mteb_version": "1.1.1",
  "scores": {
    "test": [
      {
        "hf_subset": "default",
        "languages": [
          "eng-Latn"
        ],
        "main_score": 0.30941,
        "map_at_1": 0.17659,
        "map_at_10": 0.25882,
        "map_at_100": 0.26997,
        "map_at_1000": 0.2711,
        "map_at_20": 0.26494,
        "map_at_3": 0.22868,
        "map_at_5": 0.24508,
        "mrr_at_1": 0.19038817005545286,
        "mrr_at_10": 0.2754195640055159,
        "mrr_at_100": 0.28562598558913815,
        "mrr_at_1000": 0.28635703745845553,
        "mrr_at_20": 0.28115860809373566,
        "mrr_at_3": 0.2470733210104744,
        "mrr_at_5": 0.26287738755391243,
        "nauc_map_at_1000_diff1": 0.3600050230982901,
        "nauc_map_at_1000_max": 0.2335411967486503,
        "nauc_map_at_1000_std": 0.016207838116832834,
        "nauc_map_at_100_diff1": 0.3603569358295927,
        "nauc_map_at_100_max": 0.23341713904233719,
        "nauc_map_at_100_std": 0.0161537077954367,
        "nauc_map_at_10_diff1": 0.3600109411738934,
        "nauc_map_at_10_max": 0.23369537199352414,
        "nauc_map_at_10_std": 0.00775156191117135,
        "nauc_map_at_1_diff1": 0.44631171802095304,
        "nauc_map_at_1_max": 0.2366891587866616,
        "nauc_map_at_1_std": -0.040517998364078815,
        "nauc_map_at_20_diff1": 0.3601367577358013,
        "nauc_map_at_20_max": 0.2338470395244669,
        "nauc_map_at_20_std": 0.011557671892602683,
        "nauc_map_at_3_diff1": 0.36555134179165893,
        "nauc_map_at_3_max": 0.24180058416963254,
        "nauc_map_at_3_std": -0.0034248545669761155,
        "nauc_map_at_5_diff1": 0.363048008841545,
        "nauc_map_at_5_max": 0.23146041575407497,
        "nauc_map_at_5_std": 0.00564474448454709,
        "nauc_mrr_at_1000_diff1": 0.36257981576979276,
        "nauc_mrr_at_1000_max": 0.2442132932159561,
        "nauc_mrr_at_1000_std": 0.02492975415098866,
        "nauc_mrr_at_100_diff1": 0.3624463786672054,
        "nauc_mrr_at_100_max": 0.24412234254735765,
        "nauc_mrr_at_100_std": 0.02497856414009709,
        "nauc_mrr_at_10_diff1": 0.3615836257638947,
        "nauc_mrr_at_10_max": 0.2431136659879511,
        "nauc_mrr_at_10_std": 0.01947435667476276,
        "nauc_mrr_at_1_diff1": 0.4519453432353982,
        "nauc_mrr_at_1_max": 0.26014497574240536,
        "nauc_mrr_at_1_std": -0.03514734372980422,
        "nauc_mrr_at_20_diff1": 0.3618997503662961,
        "nauc_mrr_at_20_max": 0.24379899818959502,
        "nauc_mrr_at_20_std": 0.02287050134925476,
        "nauc_mrr_at_3_diff1": 0.3715663024919786,
        "nauc_mrr_at_3_max": 0.2636687365675899,
        "nauc_mrr_at_3_std": 0.006896650402767439,
        "nauc_mrr_at_5_diff1": 0.3640015233359131,
        "nauc_mrr_at_5_max": 0.2442566039856766,
        "nauc_mrr_at_5_std": 0.018177296693253835,
        "nauc_ndcg_at_1000_diff1": 0.33180369594882964,
        "nauc_ndcg_at_1000_max": 0.22694980103163573,
        "nauc_ndcg_at_1000_std": 0.06437271508116342,
        "nauc_ndcg_at_100_diff1": 0.3316590480852347,
        "nauc_ndcg_at_100_max": 0.22687204703435587,
        "nauc_ndcg_at_100_std": 0.06597682192398467,
        "nauc_ndcg_at_10_diff1": 0.3317334365833274,
        "nauc_ndcg_at_10_max": 0.22289147002019,
        "nauc_ndcg_at_10_std": 0.030647908802345945,
        "nauc_ndcg_at_1_diff1": 0.4519453432353982,
        "nauc_ndcg_at_1_max": 0.26014497574240536,
        "nauc_ndcg_at_1_std": -0.03514734372980422,
        "nauc_ndcg_at_20_diff1": 0.3305929540451487,
        "nauc_ndcg_at_20_max": 0.22243311505636879,
        "nauc_ndcg_at_20_std": 0.04257196238753128,
        "nauc_ndcg_at_3_diff1": 0.3418881376259548,
        "nauc_ndcg_at_3_max": 0.24915315269540111,
        "nauc_ndcg_at_3_std": 0.009540087413078505,
        "nauc_ndcg_at_5_diff1": 0.3381902797428267,
        "nauc_ndcg_at_5_max": 0.22255024184673353,
        "nauc_ndcg_at_5_std": 0.023549627422102985,
        "nauc_precision_at_1000_diff1": -0.1437927657651519,
        "nauc_precision_at_1000_max": -0.025583065799653925,
        "nauc_precision_at_1000_std": 0.07912394965521885,
        "nauc_precision_at_100_diff1": 0.07933362431678018,
        "nauc_precision_at_100_max": 0.1620953383809736,
        "nauc_precision_at_100_std": 0.21218969263453957,
        "nauc_precision_at_10_diff1": 0.22307216381026992,
        "nauc_precision_at_10_max": 0.2162966961321732,
        "nauc_precision_at_10_std": 0.08662910010503333,
        "nauc_precision_at_1_diff1": 0.4519453432353982,
        "nauc_precision_at_1_max": 0.26014497574240536,
        "nauc_precision_at_1_std": -0.03514734372980422,
        "nauc_precision_at_20_diff1": 0.19674439356523604,
        "nauc_precision_at_20_max": 0.19871929784782755,
        "nauc_precision_at_20_std": 0.13570448526277687,
        "nauc_precision_at_3_diff1": 0.2901744522845898,
        "nauc_precision_at_3_max": 0.277623009771792,
        "nauc_precision_at_3_std": 0.041498964344707845,
        "nauc_precision_at_5_diff1": 0.2541817294215715,
        "nauc_precision_at_5_max": 0.22151955358848496,
        "nauc_precision_at_5_std": 0.07118848885819871,
        "nauc_recall_at_1000_diff1": 0.06581065643916278,
        "nauc_recall_at_1000_max": 0.12447279470079377,
        "nauc_recall_at_1000_std": 0.5317030788276348,
        "nauc_recall_at_100_diff1": 0.20984879097514061,
        "nauc_recall_at_100_max": 0.18343163403869006,
        "nauc_recall_at_100_std": 0.26122502301009376,
        "nauc_recall_at_10_diff1": 0.24952609771594714,
        "nauc_recall_at_10_max": 0.17586486242881552,
        "nauc_recall_at_10_std": 0.07837275331562293,
        "nauc_recall_at_1_diff1": 0.44631171802095304,
        "nauc_recall_at_1_max": 0.2366891587866616,
        "nauc_recall_at_1_std": -0.040517998364078815,
        "nauc_recall_at_20_diff1": 0.23515018022724,
        "nauc_recall_at_20_max": 0.16714406640562463,
        "nauc_recall_at_20_std": 0.11533414578168175,
        "nauc_recall_at_3_diff1": 0.2756057605921958,
        "nauc_recall_at_3_max": 0.2299968987182599,
        "nauc_recall_at_3_std": 0.027181106987867444,
        "nauc_recall_at_5_diff1": 0.270064085442113,
        "nauc_recall_at_5_max": 0.17965020734248083,
        "nauc_recall_at_5_std": 0.055971194186617244,
        "ndcg_at_1": 0.19039,
        "ndcg_at_10": 0.30941,
        "ndcg_at_100": 0.36493,
        "ndcg_at_1000": 0.39178,
        "ndcg_at_20": 0.3309,
        "ndcg_at_3": 0.25088,
        "ndcg_at_5": 0.27808,
        "precision_at_1": 0.19039,
        "precision_at_10": 0.05231,
        "precision_at_100": 0.00865,
        "precision_at_1000": 0.00121,
        "precision_at_20": 0.03124,
        "precision_at_3": 0.10906,
        "precision_at_5": 0.08244,
        "recall_at_1": 0.17659,
        "recall_at_10": 0.45046,
        "recall_at_100": 0.70566,
        "recall_at_1000": 0.90429,
        "recall_at_20": 0.5317,
        "recall_at_3": 0.29285,
        "recall_at_5": 0.35668
      }
    ]
  },
  "task_name": "CQADupstackWordpressRetrieval"
}