{
  "dataset_revision": "c0f706b76e590d620bd6618b3ca8efdd34e2d659",
  "evaluation_time": 24335.38247537613,
  "kg_co2_emissions": null,
  "mteb_version": "1.1.1",
  "scores": {
    "test": [
      {
        "hf_subset": "default",
        "languages": [
          "eng-Latn"
        ],
        "main_score": 0.44588,
        "map_at_1": 0.09991,
        "map_at_10": 0.21019,
        "map_at_100": 0.29416,
        "map_at_1000": 0.31117,
        "map_at_20": 0.24452,
        "map_at_3": 0.15023,
        "map_at_5": 0.17378,
        "mrr_at_1": 0.725,
        "mrr_at_10": 0.785269841269841,
        "mrr_at_100": 0.7890589220246913,
        "mrr_at_1000": 0.789115994442,
        "mrr_at_20": 0.7878505775270479,
        "mrr_at_3": 0.7729166666666666,
        "mrr_at_5": 0.7810416666666665,
        "nauc_map_at_1000_diff1": 0.30488358668621984,
        "nauc_map_at_1000_max": 0.25937951765178846,
        "nauc_map_at_1000_std": 0.13922949432473697,
        "nauc_map_at_100_diff1": 0.31373994726113974,
        "nauc_map_at_100_max": 0.2502777553818558,
        "nauc_map_at_100_std": 0.11456726370260417,
        "nauc_map_at_10_diff1": 0.3095225246175754,
        "nauc_map_at_10_max": 0.1302957069460409,
        "nauc_map_at_10_std": -0.07706802681934934,
        "nauc_map_at_1_diff1": 0.3671597915768146,
        "nauc_map_at_1_max": 0.033946908153256225,
        "nauc_map_at_1_std": -0.2065795756462142,
        "nauc_map_at_20_diff1": 0.3058858005998048,
        "nauc_map_at_20_max": 0.17455173951403502,
        "nauc_map_at_20_std": -0.015496133840566523,
        "nauc_map_at_3_diff1": 0.33150543607385236,
        "nauc_map_at_3_max": 0.05426484559115581,
        "nauc_map_at_3_std": -0.1823159558500984,
        "nauc_map_at_5_diff1": 0.3142325778416537,
        "nauc_map_at_5_max": 0.08767113895316438,
        "nauc_map_at_5_std": -0.14011719209097098,
        "nauc_mrr_at_1000_diff1": 0.47245347061751514,
        "nauc_mrr_at_1000_max": 0.6239452540063692,
        "nauc_mrr_at_1000_std": 0.40902877662575504,
        "nauc_mrr_at_100_diff1": 0.47238601069886454,
        "nauc_mrr_at_100_max": 0.623963798174773,
        "nauc_mrr_at_100_std": 0.40900506080780125,
        "nauc_mrr_at_10_diff1": 0.46956578960513434,
        "nauc_mrr_at_10_max": 0.6261699445984794,
        "nauc_mrr_at_10_std": 0.4127503290253373,
        "nauc_mrr_at_1_diff1": 0.46233238127511267,
        "nauc_mrr_at_1_max": 0.5766810282228783,
        "nauc_mrr_at_1_std": 0.3414823062400159,
        "nauc_mrr_at_20_diff1": 0.4731712441610316,
        "nauc_mrr_at_20_max": 0.6244307658176701,
        "nauc_mrr_at_20_std": 0.409191872091914,
        "nauc_mrr_at_3_diff1": 0.47111670187264093,
        "nauc_mrr_at_3_max": 0.6210058623881521,
        "nauc_mrr_at_3_std": 0.4143080245888025,
        "nauc_mrr_at_5_diff1": 0.4691961581725361,
        "nauc_mrr_at_5_max": 0.6277536439938013,
        "nauc_mrr_at_5_std": 0.4157651403714392,
        "nauc_ndcg_at_1000_diff1": 0.3258655996709711,
        "nauc_ndcg_at_1000_max": 0.39689407966411827,
        "nauc_ndcg_at_1000_std": 0.2961387792151382,
        "nauc_ndcg_at_100_diff1": 0.3401631054183779,
        "nauc_ndcg_at_100_max": 0.36924843267580404,
        "nauc_ndcg_at_100_std": 0.2264244867257119,
        "nauc_ndcg_at_10_diff1": 0.2913843327572668,
        "nauc_ndcg_at_10_max": 0.329935891297981,
        "nauc_ndcg_at_10_std": 0.1718011958718707,
        "nauc_ndcg_at_1_diff1": 0.39825727981038495,
        "nauc_ndcg_at_1_max": 0.43344327526228116,
        "nauc_ndcg_at_1_std": 0.16581348852084632,
        "nauc_ndcg_at_20_diff1": 0.30549149460447145,
        "nauc_ndcg_at_20_max": 0.31254961609908916,
        "nauc_ndcg_at_20_std": 0.14696445771237915,
        "nauc_ndcg_at_3_diff1": 0.2798421114354672,
        "nauc_ndcg_at_3_max": 0.34690489222948573,
        "nauc_ndcg_at_3_std": 0.1951027806306642,
        "nauc_ndcg_at_5_diff1": 0.26626224504550605,
        "nauc_ndcg_at_5_max": 0.3301645379592918,
        "nauc_ndcg_at_5_std": 0.1896698756585637,
        "nauc_precision_at_1000_diff1": -0.17869093135004743,
        "nauc_precision_at_1000_max": 0.013443029312124433,
        "nauc_precision_at_1000_std": 0.14992213443678548,
        "nauc_precision_at_100_diff1": -0.04631063375600682,
        "nauc_precision_at_100_max": 0.23429937671172946,
        "nauc_precision_at_100_std": 0.4089230516542259,
        "nauc_precision_at_10_diff1": 0.025639090661643577,
        "nauc_precision_at_10_max": 0.31255448384831963,
        "nauc_precision_at_10_std": 0.3818467493927732,
        "nauc_precision_at_1_diff1": 0.46233238127511267,
        "nauc_precision_at_1_max": 0.5766810282228783,
        "nauc_precision_at_1_std": 0.3414823062400159,
        "nauc_precision_at_20_diff1": 0.011111524705350978,
        "nauc_precision_at_20_max": 0.295952230285908,
        "nauc_precision_at_20_std": 0.3900689643859611,
        "nauc_precision_at_3_diff1": 0.09666021864650212,
        "nauc_precision_at_3_max": 0.32841232158035105,
        "nauc_precision_at_3_std": 0.33742049884228714,
        "nauc_precision_at_5_diff1": 0.05337250970851358,
        "nauc_precision_at_5_max": 0.31294174528752056,
        "nauc_precision_at_5_std": 0.35117869934555607,
        "nauc_recall_at_1000_diff1": 0.2928837814578582,
        "nauc_recall_at_1000_max": 0.373688605012211,
        "nauc_recall_at_1000_std": 0.4254199494957092,
        "nauc_recall_at_100_diff1": 0.2879640390478766,
        "nauc_recall_at_100_max": 0.29299182900577536,
        "nauc_recall_at_100_std": 0.23717287168845994,
        "nauc_recall_at_10_diff1": 0.2775238437163991,
        "nauc_recall_at_10_max": 0.11675305425887762,
        "nauc_recall_at_10_std": -0.07819388647616696,
        "nauc_recall_at_1_diff1": 0.3671597915768146,
        "nauc_recall_at_1_max": 0.033946908153256225,
        "nauc_recall_at_1_std": -0.2065795756462142,
        "nauc_recall_at_20_diff1": 0.261573577422903,
        "nauc_recall_at_20_max": 0.13911796364842524,
        "nauc_recall_at_20_std": -0.017928384961215897,
        "nauc_recall_at_3_diff1": 0.31007590830010595,
        "nauc_recall_at_3_max": 0.035994866382115145,
        "nauc_recall_at_3_std": -0.19433855947700276,
        "nauc_recall_at_5_diff1": 0.28965928504020305,
        "nauc_recall_at_5_max": 0.07827713336023011,
        "nauc_recall_at_5_std": -0.15472497125650259,
        "ndcg_at_1": 0.59875,
        "ndcg_at_10": 0.44588,
        "ndcg_at_100": 0.48576,
        "ndcg_at_1000": 0.55924,
        "ndcg_at_20": 0.43797,
        "ndcg_at_3": 0.49072,
        "ndcg_at_5": 0.46526,
        "precision_at_1": 0.725,
        "precision_at_10": 0.35425,
        "precision_at_100": 0.10953,
        "precision_at_1000": 0.02171,
        "precision_at_20": 0.2665,
        "precision_at_3": 0.5125,
        "precision_at_5": 0.443,
        "recall_at_1": 0.09991,
        "recall_at_10": 0.26224,
        "recall_at_100": 0.54038,
        "recall_at_1000": 0.77488,
        "recall_at_20": 0.34391,
        "recall_at_3": 0.16008,
        "recall_at_5": 0.19416
      }
    ]
  },
  "task_name": "DBPedia"
}