{
  "dataset_revision": "bea83ef9e8fb933d90a2f1d5515737465d613e12",
  "evaluation_time": 30848.25484275818,
  "kg_co2_emissions": null,
  "mteb_version": "1.1.1",
  "scores": {
    "test": [
      {
        "hf_subset": "default",
        "languages": [
          "eng-Latn"
        ],
        "main_score": 0.91215,
        "map_at_1": 0.83593,
        "map_at_10": 0.88583,
        "map_at_100": 0.88734,
        "map_at_1000": 0.88747,
        "map_at_20": 0.88668,
        "map_at_3": 0.88028,
        "map_at_5": 0.88411,
        "mrr_at_1": 0.9006900690069007,
        "mrr_at_10": 0.9408381314321893,
        "mrr_at_100": 0.9411540705479361,
        "mrr_at_1000": 0.9411561864008894,
        "mrr_at_20": 0.9410616792198684,
        "mrr_at_3": 0.9381188118811871,
        "mrr_at_5": 0.9402640264026388,
        "nauc_map_at_1000_diff1": 0.3476548495773061,
        "nauc_map_at_1000_max": 0.16078306429955708,
        "nauc_map_at_1000_std": -0.09773931109346115,
        "nauc_map_at_100_diff1": 0.3472757664847709,
        "nauc_map_at_100_max": 0.16034927062127663,
        "nauc_map_at_100_std": -0.09764278074036807,
        "nauc_map_at_10_diff1": 0.3440870553211127,
        "nauc_map_at_10_max": 0.15877975222815438,
        "nauc_map_at_10_std": -0.09758069325293511,
        "nauc_map_at_1_diff1": 0.4584835187677395,
        "nauc_map_at_1_max": 0.22899553065995681,
        "nauc_map_at_1_std": -0.1089309414967085,
        "nauc_map_at_20_diff1": 0.3455152150449255,
        "nauc_map_at_20_max": 0.15883231767329203,
        "nauc_map_at_20_std": -0.09797598817955641,
        "nauc_map_at_3_diff1": 0.34563406981980765,
        "nauc_map_at_3_max": 0.15746645248902655,
        "nauc_map_at_3_std": -0.10330623221899783,
        "nauc_map_at_5_diff1": 0.3434715122025876,
        "nauc_map_at_5_max": 0.16014761766119118,
        "nauc_map_at_5_std": -0.09824394331052802,
        "nauc_mrr_at_1000_diff1": 0.7353475676563554,
        "nauc_mrr_at_1000_max": 0.4093731391542123,
        "nauc_mrr_at_1000_std": -0.23412281983232414,
        "nauc_mrr_at_100_diff1": 0.7353542141392617,
        "nauc_mrr_at_100_max": 0.4093933374209903,
        "nauc_mrr_at_100_std": -0.23411068135098748,
        "nauc_mrr_at_10_diff1": 0.7344574636079899,
        "nauc_mrr_at_10_max": 0.41162532410476677,
        "nauc_mrr_at_10_std": -0.23369360283247886,
        "nauc_mrr_at_1_diff1": 0.7557279936128043,
        "nauc_mrr_at_1_max": 0.4049555170152549,
        "nauc_mrr_at_1_std": -0.21426027579393864,
        "nauc_mrr_at_20_diff1": 0.7349143027643708,
        "nauc_mrr_at_20_max": 0.40990079867385926,
        "nauc_mrr_at_20_std": -0.2338886046713217,
        "nauc_mrr_at_3_diff1": 0.7305205653934586,
        "nauc_mrr_at_3_max": 0.4015268014189251,
        "nauc_mrr_at_3_std": -0.2442136659484125,
        "nauc_mrr_at_5_diff1": 0.7334133122928248,
        "nauc_mrr_at_5_max": 0.4122945517675116,
        "nauc_mrr_at_5_std": -0.23429485985908613,
        "nauc_ndcg_at_1000_diff1": 0.3615189734231485,
        "nauc_ndcg_at_1000_max": 0.17704626836197493,
        "nauc_ndcg_at_1000_std": -0.09864980463886693,
        "nauc_ndcg_at_100_diff1": 0.352210323625951,
        "nauc_ndcg_at_100_max": 0.16786342775239885,
        "nauc_ndcg_at_100_std": -0.09538703972548404,
        "nauc_ndcg_at_10_diff1": 0.34004675659186867,
        "nauc_ndcg_at_10_max": 0.16295650122242178,
        "nauc_ndcg_at_10_std": -0.09598119023397589,
        "nauc_ndcg_at_1_diff1": 0.7553584444352152,
        "nauc_ndcg_at_1_max": 0.40538239124788683,
        "nauc_ndcg_at_1_std": -0.21284189296605346,
        "nauc_ndcg_at_20_diff1": 0.3432154934252162,
        "nauc_ndcg_at_20_max": 0.16065702841962534,
        "nauc_ndcg_at_20_std": -0.0969120849129374,
        "nauc_ndcg_at_3_diff1": 0.36053308528967876,
        "nauc_ndcg_at_3_max": 0.17645444820189035,
        "nauc_ndcg_at_3_std": -0.11790591809288996,
        "nauc_ndcg_at_5_diff1": 0.3441452618586664,
        "nauc_ndcg_at_5_max": 0.17056157369486036,
        "nauc_ndcg_at_5_std": -0.10083970961897168,
        "nauc_precision_at_1000_diff1": -0.04201141972342811,
        "nauc_precision_at_1000_max": 0.06822170626668289,
        "nauc_precision_at_1000_std": 0.005438851394994092,
        "nauc_precision_at_100_diff1": -0.07335921764531225,
        "nauc_precision_at_100_max": 0.034665981696032654,
        "nauc_precision_at_100_std": 0.02221924004943505,
        "nauc_precision_at_10_diff1": -0.09293826824869195,
        "nauc_precision_at_10_max": -0.003296187638908785,
        "nauc_precision_at_10_std": -0.014057054193175548,
        "nauc_precision_at_1_diff1": 0.7553584444352152,
        "nauc_precision_at_1_max": 0.40538239124788683,
        "nauc_precision_at_1_std": -0.21284189296605346,
        "nauc_precision_at_20_diff1": -0.08838605858477962,
        "nauc_precision_at_20_max": -0.008705169102117832,
        "nauc_precision_at_20_std": -0.0068358256464326125,
        "nauc_precision_at_3_diff1": 0.05100451539593479,
        "nauc_precision_at_3_max": 0.04695035349562387,
        "nauc_precision_at_3_std": -0.1256076633018231,
        "nauc_precision_at_5_diff1": -0.052327906989509725,
        "nauc_precision_at_5_max": 0.030908435597747558,
        "nauc_precision_at_5_std": -0.052239567598468734,
        "nauc_recall_at_1000_diff1": -0.19578401723212457,
        "nauc_recall_at_1000_max": -0.1122089525466521,
        "nauc_recall_at_1000_std": 0.1501588202451446,
        "nauc_recall_at_100_diff1": -0.12449800872305591,
        "nauc_recall_at_100_max": -0.11925085778265546,
        "nauc_recall_at_100_std": 0.10777944622792296,
        "nauc_recall_at_10_diff1": -0.027699985904215168,
        "nauc_recall_at_10_max": -0.03698377189415276,
        "nauc_recall_at_10_std": 0.0357740705420888,
        "nauc_recall_at_1_diff1": 0.4584835187677395,
        "nauc_recall_at_1_max": 0.22899553065995681,
        "nauc_recall_at_1_std": -0.1089309414967085,
        "nauc_recall_at_20_diff1": -0.06626179318358869,
        "nauc_recall_at_20_max": -0.08399636418384517,
        "nauc_recall_at_20_std": 0.04955970047861892,
        "nauc_recall_at_3_diff1": 0.09590555627337757,
        "nauc_recall_at_3_max": 0.017313849285881453,
        "nauc_recall_at_3_std": -0.05000835132781681,
        "nauc_recall_at_5_diff1": 0.02073965950385143,
        "nauc_recall_at_5_max": 0.006108303858417649,
        "nauc_recall_at_5_std": 0.005632141521552047,
        "ndcg_at_1": 0.90084,
        "ndcg_at_10": 0.91215,
        "ndcg_at_100": 0.91732,
        "ndcg_at_1000": 0.91948,
        "ndcg_at_20": 0.91429,
        "ndcg_at_3": 0.90539,
        "ndcg_at_5": 0.90958,
        "precision_at_1": 0.90084,
        "precision_at_10": 0.10341,
        "precision_at_100": 0.01077,
        "precision_at_1000": 0.00111,
        "precision_at_20": 0.05238,
        "precision_at_3": 0.33423,
        "precision_at_5": 0.20405,
        "recall_at_1": 0.83593,
        "recall_at_10": 0.94138,
        "recall_at_100": 0.96149,
        "recall_at_1000": 0.97435,
        "recall_at_20": 0.94855,
        "recall_at_3": 0.92096,
        "recall_at_5": 0.93346
      }
    ]
  },
  "task_name": "FEVER"
}
