{
  "dataset_revision": "27a168819829fe9bcd655c2df245fb19452e8e06",
  "evaluation_time": 265.6718988418579,
  "kg_co2_emissions": null,
  "mteb_version": "1.1.1",
  "scores": {
    "test": [
      {
        "hf_subset": "default",
        "languages": [
          "eng-Latn"
        ],
        "main_score": 0.46106,
        "map_at_1": 0.22702,
        "map_at_10": 0.37901,
        "map_at_100": 0.39978,
        "map_at_1000": 0.40137,
        "map_at_20": 0.39038,
        "map_at_3": 0.32923,
        "map_at_5": 0.35849,
        "mrr_at_1": 0.4351851851851852,
        "mrr_at_10": 0.530072383891828,
        "mrr_at_100": 0.5366916631847735,
        "mrr_at_1000": 0.5369878551366731,
        "mrr_at_20": 0.5335386826570101,
        "mrr_at_3": 0.5015432098765431,
        "mrr_at_5": 0.5188271604938268,
        "nauc_map_at_1000_diff1": 0.41831095245704536,
        "nauc_map_at_1000_max": 0.24068971478657894,
        "nauc_map_at_1000_std": -0.0485790986903299,
        "nauc_map_at_100_diff1": 0.4183360013033087,
        "nauc_map_at_100_max": 0.24004315779611998,
        "nauc_map_at_100_std": -0.04867593808455439,
        "nauc_map_at_10_diff1": 0.4195226817283218,
        "nauc_map_at_10_max": 0.22230203589855055,
        "nauc_map_at_10_std": -0.06233471187810194,
        "nauc_map_at_1_diff1": 0.45744920592826704,
        "nauc_map_at_1_max": 0.13295335434193864,
        "nauc_map_at_1_std": -0.06908871798621204,
        "nauc_map_at_20_diff1": 0.4177889512672941,
        "nauc_map_at_20_max": 0.23359156578594253,
        "nauc_map_at_20_std": -0.054771756097124404,
        "nauc_map_at_3_diff1": 0.4346126074039155,
        "nauc_map_at_3_max": 0.18458336565054737,
        "nauc_map_at_3_std": -0.06970906195379231,
        "nauc_map_at_5_diff1": 0.42319691066282,
        "nauc_map_at_5_max": 0.20514627325677998,
        "nauc_map_at_5_std": -0.06462372001614383,
        "nauc_mrr_at_1000_diff1": 0.4663851731875682,
        "nauc_mrr_at_1000_max": 0.34790625317217533,
        "nauc_mrr_at_1000_std": 0.0056338350903469645,
        "nauc_mrr_at_100_diff1": 0.46633064278061515,
        "nauc_mrr_at_100_max": 0.3479638200317609,
        "nauc_mrr_at_100_std": 0.005784145799358616,
        "nauc_mrr_at_10_diff1": 0.4661649217600506,
        "nauc_mrr_at_10_max": 0.344325309916149,
        "nauc_mrr_at_10_std": 0.0036547960647161024,
        "nauc_mrr_at_1_diff1": 0.49936471039236585,
        "nauc_mrr_at_1_max": 0.3738713608607739,
        "nauc_mrr_at_1_std": -0.004275476729238385,
        "nauc_mrr_at_20_diff1": 0.4664162053789774,
        "nauc_mrr_at_20_max": 0.3458939451860981,
        "nauc_mrr_at_20_std": 0.004168541288207233,
        "nauc_mrr_at_3_diff1": 0.47300236885259883,
        "nauc_mrr_at_3_max": 0.3476136463842426,
        "nauc_mrr_at_3_std": -0.0022454955197147024,
        "nauc_mrr_at_5_diff1": 0.46630704662353534,
        "nauc_mrr_at_5_max": 0.34444715070876974,
        "nauc_mrr_at_5_std": 0.0032042247223324953,
        "nauc_ndcg_at_1000_diff1": 0.4198847504414467,
        "nauc_ndcg_at_1000_max": 0.2913838232736277,
        "nauc_ndcg_at_1000_std": -0.008565138553597173,
        "nauc_ndcg_at_100_diff1": 0.41668587652175215,
        "nauc_ndcg_at_100_max": 0.28925065065048045,
        "nauc_ndcg_at_100_std": -0.0016381615431323357,
        "nauc_ndcg_at_10_diff1": 0.4197770979537798,
        "nauc_ndcg_at_10_max": 0.2426144145445119,
        "nauc_ndcg_at_10_std": -0.04496825692271955,
        "nauc_ndcg_at_1_diff1": 0.49936471039236585,
        "nauc_ndcg_at_1_max": 0.3738713608607739,
        "nauc_ndcg_at_1_std": -0.004275476729238385,
        "nauc_ndcg_at_20_diff1": 0.4175054394098321,
        "nauc_ndcg_at_20_max": 0.262181601276108,
        "nauc_ndcg_at_20_std": -0.03331597673543657,
        "nauc_ndcg_at_3_diff1": 0.42285468341094895,
        "nauc_ndcg_at_3_max": 0.28662323283661123,
        "nauc_ndcg_at_3_std": -0.041127292251092414,
        "nauc_ndcg_at_5_diff1": 0.4214785574833389,
        "nauc_ndcg_at_5_max": 0.2521756817283173,
        "nauc_ndcg_at_5_std": -0.04431594116681559,
        "nauc_precision_at_1000_diff1": -0.06462761949471187,
        "nauc_precision_at_1000_max": 0.31344259511218314,
        "nauc_precision_at_1000_std": 0.1280507411338775,
        "nauc_precision_at_100_diff1": 0.0068344852862466075,
        "nauc_precision_at_100_max": 0.37845499143273614,
        "nauc_precision_at_100_std": 0.16028223527687693,
        "nauc_precision_at_10_diff1": 0.16012068794584183,
        "nauc_precision_at_10_max": 0.3771584097080197,
        "nauc_precision_at_10_std": 0.04389505352902949,
        "nauc_precision_at_1_diff1": 0.49936471039236585,
        "nauc_precision_at_1_max": 0.3738713608607739,
        "nauc_precision_at_1_std": -0.004275476729238385,
        "nauc_precision_at_20_diff1": 0.0919367961118995,
        "nauc_precision_at_20_max": 0.3746865088133923,
        "nauc_precision_at_20_std": 0.08103595542863898,
        "nauc_precision_at_3_diff1": 0.2866614905781468,
        "nauc_precision_at_3_max": 0.3613058026784641,
        "nauc_precision_at_3_std": 0.005501641832783668,
        "nauc_precision_at_5_diff1": 0.22028532119705058,
        "nauc_precision_at_5_max": 0.3633274373364468,
        "nauc_precision_at_5_std": 0.025124138481084322,
        "nauc_recall_at_1000_diff1": 0.22776607057884843,
        "nauc_recall_at_1000_max": 0.273944524721447,
        "nauc_recall_at_1000_std": 0.2485929700967989,
        "nauc_recall_at_100_diff1": 0.24822990557369154,
        "nauc_recall_at_100_max": 0.2679479628846655,
        "nauc_recall_at_100_std": 0.1616918621804064,
        "nauc_recall_at_10_diff1": 0.32828585475893646,
        "nauc_recall_at_10_max": 0.13489438000175988,
        "nauc_recall_at_10_std": -0.058782301822520755,
        "nauc_recall_at_1_diff1": 0.45744920592826704,
        "nauc_recall_at_1_max": 0.13295335434193864,
        "nauc_recall_at_1_std": -0.06908871798621204,
        "nauc_recall_at_20_diff1": 0.3131432457976144,
        "nauc_recall_at_20_max": 0.18070541506114984,
        "nauc_recall_at_20_std": -0.02940789316835267,
        "nauc_recall_at_3_diff1": 0.378777315932021,
        "nauc_recall_at_3_max": 0.13493826490017535,
        "nauc_recall_at_3_std": -0.07511308989926285,
        "nauc_recall_at_5_diff1": 0.3472337212148284,
        "nauc_recall_at_5_max": 0.1291261451846704,
        "nauc_recall_at_5_std": -0.06259835905003742,
        "ndcg_at_1": 0.43519,
        "ndcg_at_10": 0.46106,
        "ndcg_at_100": 0.53201,
        "ndcg_at_1000": 0.5572,
        "ndcg_at_20": 0.48703,
        "ndcg_at_3": 0.41953,
        "ndcg_at_5": 0.43472,
        "precision_at_1": 0.43519,
        "precision_at_10": 0.12855,
        "precision_at_100": 0.02039,
        "precision_at_1000": 0.00249,
        "precision_at_20": 0.07631,
        "precision_at_3": 0.28138,
        "precision_at_5": 0.20833,
        "recall_at_1": 0.22702,
        "recall_at_10": 0.54283,
        "recall_at_100": 0.80215,
        "recall_at_1000": 0.95245,
        "recall_at_20": 0.61738,
        "recall_at_3": 0.38592,
        "recall_at_5": 0.45785
      }
    ]
  },
  "task_name": "FiQA2018"
}
