{
  "dataset_revision": "ab518f4d6fcca38d87c25209f94beba119d02014",
  "evaluation_time": 29550.192902088165,
  "kg_co2_emissions": null,
  "mteb_version": "1.1.1",
  "scores": {
    "test": [
      {
        "hf_subset": "default",
        "languages": [
          "eng-Latn"
        ],
        "main_score": 0.72783,
        "map_at_1": 0.40027,
        "map_at_10": 0.64938,
        "map_at_100": 0.65803,
        "map_at_1000": 0.65857,
        "map_at_20": 0.65451,
        "map_at_3": 0.61514,
        "map_at_5": 0.63646,
        "mrr_at_1": 0.800540175557056,
        "mrr_at_10": 0.8535144100404042,
        "mrr_at_100": 0.8552133882425219,
        "mrr_at_1000": 0.8552754638385601,
        "mrr_at_20": 0.854652970398835,
        "mrr_at_3": 0.8450821516993006,
        "mrr_at_5": 0.8504704028809336,
        "nauc_map_at_1000_diff1": 0.15819360140913544,
        "nauc_map_at_1000_max": 0.267581519764227,
        "nauc_map_at_1000_std": -0.00396143881501689,
        "nauc_map_at_100_diff1": 0.15800592943065775,
        "nauc_map_at_100_max": 0.2675520504141885,
        "nauc_map_at_100_std": -0.003803837744736871,
        "nauc_map_at_10_diff1": 0.15676881616788702,
        "nauc_map_at_10_max": 0.26530432546873606,
        "nauc_map_at_10_std": -0.009973022049652353,
        "nauc_map_at_1_diff1": 0.6552537068019404,
        "nauc_map_at_1_max": 0.4533879997512062,
        "nauc_map_at_1_std": -0.12009002637678937,
        "nauc_map_at_20_diff1": 0.1570951117638742,
        "nauc_map_at_20_max": 0.2664922341152122,
        "nauc_map_at_20_std": -0.0061588926842044475,
        "nauc_map_at_3_diff1": 0.14964599674403709,
        "nauc_map_at_3_max": 0.25186016219683127,
        "nauc_map_at_3_std": -0.03192012996234834,
        "nauc_map_at_5_diff1": 0.15250669120484237,
        "nauc_map_at_5_max": 0.25897715882802225,
        "nauc_map_at_5_std": -0.018912935898065603,
        "nauc_mrr_at_1000_diff1": 0.6476197641440634,
        "nauc_mrr_at_1000_max": 0.4883136898327764,
        "nauc_mrr_at_1000_std": -0.09630174045551573,
        "nauc_mrr_at_100_diff1": 0.6476399336629703,
        "nauc_mrr_at_100_max": 0.4884041530400312,
        "nauc_mrr_at_100_std": -0.09622291394553875,
        "nauc_mrr_at_10_diff1": 0.6468314147848137,
        "nauc_mrr_at_10_max": 0.4892456401680457,
        "nauc_mrr_at_10_std": -0.09599970897372036,
        "nauc_mrr_at_1_diff1": 0.6552537068019404,
        "nauc_mrr_at_1_max": 0.4533879997512062,
        "nauc_mrr_at_1_std": -0.12009002637678937,
        "nauc_mrr_at_20_diff1": 0.6473999241799421,
        "nauc_mrr_at_20_max": 0.488795823673943,
        "nauc_mrr_at_20_std": -0.09582318966993851,
        "nauc_mrr_at_3_diff1": 0.6472092202679538,
        "nauc_mrr_at_3_max": 0.4890188142167982,
        "nauc_mrr_at_3_std": -0.10332341516532235,
        "nauc_mrr_at_5_diff1": 0.646349170689943,
        "nauc_mrr_at_5_max": 0.49039517909428,
        "nauc_mrr_at_5_std": -0.09584465995949643,
        "nauc_ndcg_at_1000_diff1": 0.22648482130135505,
        "nauc_ndcg_at_1000_max": 0.31831713691432023,
        "nauc_ndcg_at_1000_std": 0.02288688978937636,
        "nauc_ndcg_at_100_diff1": 0.21931164303096704,
        "nauc_ndcg_at_100_max": 0.3163733733561087,
        "nauc_ndcg_at_100_std": 0.028650970113425794,
        "nauc_ndcg_at_10_diff1": 0.211771385795917,
        "nauc_ndcg_at_10_max": 0.3063672337167164,
        "nauc_ndcg_at_10_std": 0.0038652917115567465,
        "nauc_ndcg_at_1_diff1": 0.6552537068019404,
        "nauc_ndcg_at_1_max": 0.4533879997512062,
        "nauc_ndcg_at_1_std": -0.12009002637678937,
        "nauc_ndcg_at_20_diff1": 0.21239826430927447,
        "nauc_ndcg_at_20_max": 0.30936201811254355,
        "nauc_ndcg_at_20_std": 0.014936100565288563,
        "nauc_ndcg_at_3_diff1": 0.20646725806498262,
        "nauc_ndcg_at_3_max": 0.2876779677900557,
        "nauc_ndcg_at_3_std": -0.033285418516576085,
        "nauc_ndcg_at_5_diff1": 0.20612292870888313,
        "nauc_ndcg_at_5_max": 0.29623279786028445,
        "nauc_ndcg_at_5_std": -0.012460677983216508,
        "nauc_precision_at_1000_diff1": -0.027627072968979323,
        "nauc_precision_at_1000_max": 0.3558809390424462,
        "nauc_precision_at_1000_std": 0.47242721052961106,
        "nauc_precision_at_100_diff1": 0.022544733385095793,
        "nauc_precision_at_100_max": 0.3043559570518508,
        "nauc_precision_at_100_std": 0.29756292886926194,
        "nauc_precision_at_10_diff1": 0.06940268256459986,
        "nauc_precision_at_10_max": 0.2695814030950948,
        "nauc_precision_at_10_std": 0.09142220303909265,
        "nauc_precision_at_1_diff1": 0.6552537068019404,
        "nauc_precision_at_1_max": 0.4533879997512062,
        "nauc_precision_at_1_std": -0.12009002637678937,
        "nauc_precision_at_20_diff1": 0.05068091199596265,
        "nauc_precision_at_20_max": 0.27432300873405735,
        "nauc_precision_at_20_std": 0.14404714260357382,
        "nauc_precision_at_3_diff1": 0.09010570470411305,
        "nauc_precision_at_3_max": 0.2474173773067261,
        "nauc_precision_at_3_std": -0.001548826696723466,
        "nauc_precision_at_5_diff1": 0.07455395915794263,
        "nauc_precision_at_5_max": 0.2528639925727271,
        "nauc_precision_at_5_std": 0.042251875804754084,
        "nauc_recall_at_1000_diff1": -0.027627072968976336,
        "nauc_recall_at_1000_max": 0.35588093904244666,
        "nauc_recall_at_1000_std": 0.4724272105296121,
        "nauc_recall_at_100_diff1": 0.022544733385097566,
        "nauc_recall_at_100_max": 0.30435595705184987,
        "nauc_recall_at_100_std": 0.2975629288692586,
        "nauc_recall_at_10_diff1": 0.06940268256459903,
        "nauc_recall_at_10_max": 0.2695814030950946,
        "nauc_recall_at_10_std": 0.091422203039092,
        "nauc_recall_at_1_diff1": 0.6552537068019404,
        "nauc_recall_at_1_max": 0.4533879997512062,
        "nauc_recall_at_1_std": -0.12009002637678937,
        "nauc_recall_at_20_diff1": 0.050680911995964174,
        "nauc_recall_at_20_max": 0.2743230087340561,
        "nauc_recall_at_20_std": 0.14404714260357346,
        "nauc_recall_at_3_diff1": 0.09010570470411264,
        "nauc_recall_at_3_max": 0.247417377306726,
        "nauc_recall_at_3_std": -0.0015488266967240319,
        "nauc_recall_at_5_diff1": 0.0745539591579433,
        "nauc_recall_at_5_max": 0.2528639925727279,
        "nauc_recall_at_5_std": 0.042251875804754487,
        "ndcg_at_1": 0.80054,
        "ndcg_at_10": 0.72783,
        "ndcg_at_100": 0.75754,
        "ndcg_at_1000": 0.76809,
        "ndcg_at_20": 0.74044,
        "ndcg_at_3": 0.68013,
        "ndcg_at_5": 0.70664,
        "precision_at_1": 0.80054,
        "precision_at_10": 0.15253,
        "precision_at_100": 0.01757,
        "precision_at_1000": 0.0019,
        "precision_at_20": 0.08032,
        "precision_at_3": 0.43826,
        "precision_at_5": 0.28389,
        "recall_at_1": 0.40027,
        "recall_at_10": 0.76266,
        "recall_at_100": 0.87873,
        "recall_at_1000": 0.94855,
        "recall_at_20": 0.80317,
        "recall_at_3": 0.65739,
        "recall_at_5": 0.70972
      }
    ]
  },
  "task_name": "HotpotQA"
}
