{
  "dataset_revision": "ec0fa4fe99da2ff19ca1214b7966684033a58814",
  "evaluation_time": 19.866886854171753,
  "kg_co2_emissions": null,
  "mteb_version": "1.1.1",
  "scores": {
    "test": [
      {
        "hf_subset": "default",
        "languages": [
          "eng-Latn"
        ],
        "main_score": 0.38528,
        "map_at_1": 0.05993,
        "map_at_10": 0.14377,
        "map_at_100": 0.18533,
        "map_at_1000": 0.20245,
        "map_at_20": 0.16104,
        "map_at_3": 0.10348,
        "map_at_5": 0.12156,
        "mrr_at_1": 0.5077399380804953,
        "mrr_at_10": 0.5896309400953363,
        "mrr_at_100": 0.5956366544308311,
        "mrr_at_1000": 0.5959202299429481,
        "mrr_at_20": 0.5938682945375715,
        "mrr_at_3": 0.5701754385964913,
        "mrr_at_5": 0.5831785345717234,
        "nauc_map_at_1000_diff1": 0.2579432044345211,
        "nauc_map_at_1000_max": 0.30080484713600597,
        "nauc_map_at_1000_std": 0.1350921893274912,
        "nauc_map_at_100_diff1": 0.27263438008581314,
        "nauc_map_at_100_max": 0.2938267777567882,
        "nauc_map_at_100_std": 0.09124693893506082,
        "nauc_map_at_10_diff1": 0.3030962134794669,
        "nauc_map_at_10_max": 0.22044316271768086,
        "nauc_map_at_10_std": -0.03207023706428053,
        "nauc_map_at_1_diff1": 0.46634570073871356,
        "nauc_map_at_1_max": 0.05094235341362659,
        "nauc_map_at_1_std": -0.15055047369891184,
        "nauc_map_at_20_diff1": 0.28799617967064844,
        "nauc_map_at_20_max": 0.25950731286694434,
        "nauc_map_at_20_std": 0.018725756029243076,
        "nauc_map_at_3_diff1": 0.3505254861783923,
        "nauc_map_at_3_max": 0.10078762412251478,
        "nauc_map_at_3_std": -0.12184102949683726,
        "nauc_map_at_5_diff1": 0.3299554080011672,
        "nauc_map_at_5_max": 0.1631176859757917,
        "nauc_map_at_5_std": -0.089511604861029,
        "nauc_mrr_at_1000_diff1": 0.27432964559326173,
        "nauc_mrr_at_1000_max": 0.4438633741513349,
        "nauc_mrr_at_1000_std": 0.3072773336711516,
        "nauc_mrr_at_100_diff1": 0.27434921515866023,
        "nauc_mrr_at_100_max": 0.4441067105056296,
        "nauc_mrr_at_100_std": 0.30758894224071204,
        "nauc_mrr_at_10_diff1": 0.274104006341578,
        "nauc_mrr_at_10_max": 0.44679266609409646,
        "nauc_mrr_at_10_std": 0.30979530477969647,
        "nauc_mrr_at_1_diff1": 0.28101073230450424,
        "nauc_mrr_at_1_max": 0.38012288937882527,
        "nauc_mrr_at_1_std": 0.2301097918872918,
        "nauc_mrr_at_20_diff1": 0.2747039943167118,
        "nauc_mrr_at_20_max": 0.4432547201294558,
        "nauc_mrr_at_20_std": 0.3074351036398947,
        "nauc_mrr_at_3_diff1": 0.2646050733157646,
        "nauc_mrr_at_3_max": 0.4237373506521451,
        "nauc_mrr_at_3_std": 0.3010368967591958,
        "nauc_mrr_at_5_diff1": 0.27210183114631536,
        "nauc_mrr_at_5_max": 0.4407762616470043,
        "nauc_mrr_at_5_std": 0.30232002057541596,
        "nauc_ndcg_at_1000_diff1": 0.2234418683244995,
        "nauc_ndcg_at_1000_max": 0.4456428145353034,
        "nauc_ndcg_at_1000_std": 0.32372898097267844,
        "nauc_ndcg_at_100_diff1": 0.22297270198316801,
        "nauc_ndcg_at_100_max": 0.38382059693842974,
        "nauc_ndcg_at_100_std": 0.2688787892308547,
        "nauc_ndcg_at_10_diff1": 0.17277241536969143,
        "nauc_ndcg_at_10_max": 0.38279656091286485,
        "nauc_ndcg_at_10_std": 0.2737764392782483,
        "nauc_ndcg_at_1_diff1": 0.2954701166340041,
        "nauc_ndcg_at_1_max": 0.351740858062305,
        "nauc_ndcg_at_1_std": 0.20123562651415772,
        "nauc_ndcg_at_20_diff1": 0.18573951109252082,
        "nauc_ndcg_at_20_max": 0.37344505241426357,
        "nauc_ndcg_at_20_std": 0.27278251927942604,
        "nauc_ndcg_at_3_diff1": 0.19013157658370436,
        "nauc_ndcg_at_3_max": 0.36192895168349964,
        "nauc_ndcg_at_3_std": 0.22652062178034918,
        "nauc_ndcg_at_5_diff1": 0.17796283701212923,
        "nauc_ndcg_at_5_max": 0.3827488121372638,
        "nauc_ndcg_at_5_std": 0.2490476576456344,
        "nauc_precision_at_1000_diff1": -0.13478332111736308,
        "nauc_precision_at_1000_max": 0.05311274119112623,
        "nauc_precision_at_1000_std": 0.41505394248151556,
        "nauc_precision_at_100_diff1": -0.08490484560442169,
        "nauc_precision_at_100_max": 0.20676378362229902,
        "nauc_precision_at_100_std": 0.48877327339913096,
        "nauc_precision_at_10_diff1": -0.01829211467121546,
        "nauc_precision_at_10_max": 0.39971742500524027,
        "nauc_precision_at_10_std": 0.41405498507943617,
        "nauc_precision_at_1_diff1": 0.2889960273883017,
        "nauc_precision_at_1_max": 0.3820938476964559,
        "nauc_precision_at_1_std": 0.21390589942853858,
        "nauc_precision_at_20_diff1": -0.03614900817306364,
        "nauc_precision_at_20_max": 0.3447062303890735,
        "nauc_precision_at_20_std": 0.4398453197220865,
        "nauc_precision_at_3_diff1": 0.06880249607104243,
        "nauc_precision_at_3_max": 0.3709853138810304,
        "nauc_precision_at_3_std": 0.27413691585911637,
        "nauc_precision_at_5_diff1": 0.019736322476377844,
        "nauc_precision_at_5_max": 0.4041210352899967,
        "nauc_precision_at_5_std": 0.3432901604609276,
        "nauc_recall_at_1000_diff1": 0.10145512142746307,
        "nauc_recall_at_1000_max": 0.25812463551316406,
        "nauc_recall_at_1000_std": 0.20742269986145273,
        "nauc_recall_at_100_diff1": 0.19833049729748428,
        "nauc_recall_at_100_max": 0.26725660207554447,
        "nauc_recall_at_100_std": 0.13129574445225142,
        "nauc_recall_at_10_diff1": 0.2592964737266199,
        "nauc_recall_at_10_max": 0.21481927575862972,
        "nauc_recall_at_10_std": -0.033973289890459904,
        "nauc_recall_at_1_diff1": 0.46634570073871356,
        "nauc_recall_at_1_max": 0.05094235341362659,
        "nauc_recall_at_1_std": -0.15055047369891184,
        "nauc_recall_at_20_diff1": 0.24321046095574891,
        "nauc_recall_at_20_max": 0.24292265190060364,
        "nauc_recall_at_20_std": 0.016492917307407474,
        "nauc_recall_at_3_diff1": 0.30231022801070356,
        "nauc_recall_at_3_max": 0.06990572205283742,
        "nauc_recall_at_3_std": -0.12686644802806582,
        "nauc_recall_at_5_diff1": 0.2790321568309581,
        "nauc_recall_at_5_max": 0.1548819979084252,
        "nauc_recall_at_5_std": -0.09787802212254734,
        "ndcg_at_1": 0.48452,
        "ndcg_at_10": 0.38528,
        "ndcg_at_100": 0.35297,
        "ndcg_at_1000": 0.4431,
        "ndcg_at_20": 0.36128,
        "ndcg_at_3": 0.44191,
        "ndcg_at_5": 0.4171,
        "precision_at_1": 0.50464,
        "precision_at_10": 0.29071,
        "precision_at_100": 0.09118,
        "precision_at_1000": 0.02267,
        "precision_at_20": 0.21796,
        "precision_at_3": 0.41589,
        "precision_at_5": 0.36285,
        "recall_at_1": 0.05993,
        "recall_at_10": 0.18923,
        "recall_at_100": 0.35915,
        "recall_at_1000": 0.67999,
        "recall_at_20": 0.23135,
        "recall_at_3": 0.11702,
        "recall_at_5": 0.14692
      }
    ]
  },
  "task_name": "NFCorpus"
}
