{
  "dataset_revision": "b774495ed302d8c44a3a7ea25c90dbce03968f31",
  "evaluation_time": 13627.678685426712,
  "kg_co2_emissions": null,
  "mteb_version": "1.1.1",
  "scores": {
    "test": [
      {
        "hf_subset": "default",
        "languages": [
          "eng-Latn"
        ],
        "main_score": 0.57602,
        "map_at_1": 0.3279,
        "map_at_10": 0.49393,
        "map_at_100": 0.50351,
        "map_at_1000": 0.50373,
        "map_at_20": 0.50064,
        "map_at_3": 0.44598,
        "map_at_5": 0.47538,
        "mrr_at_1": 0.37514484356894556,
        "mrr_at_10": 0.5208704638672761,
        "mrr_at_100": 0.5279006433512579,
        "mrr_at_1000": 0.5280557798397048,
        "mrr_at_20": 0.5257844006508333,
        "mrr_at_3": 0.4840189262263408,
        "mrr_at_5": 0.50777327153341,
        "nauc_map_at_1000_diff1": 0.3517853267232242,
        "nauc_map_at_1000_max": 0.23117398654493926,
        "nauc_map_at_1000_std": -0.056905919323430046,
        "nauc_map_at_100_diff1": 0.35169837726631836,
        "nauc_map_at_100_max": 0.23137060989776656,
        "nauc_map_at_100_std": -0.05675108476155618,
        "nauc_map_at_10_diff1": 0.35010248381334474,
        "nauc_map_at_10_max": 0.2334747457930064,
        "nauc_map_at_10_std": -0.05893145964352508,
        "nauc_map_at_1_diff1": 0.38831731773023326,
        "nauc_map_at_1_max": 0.16112659961456374,
        "nauc_map_at_1_std": -0.0767349749723531,
        "nauc_map_at_20_diff1": 0.35098852681470094,
        "nauc_map_at_20_max": 0.23222685195933734,
        "nauc_map_at_20_std": -0.05790371158015241,
        "nauc_map_at_3_diff1": 0.3541992609623091,
        "nauc_map_at_3_max": 0.2153176459789034,
        "nauc_map_at_3_std": -0.071253437294288,
        "nauc_map_at_5_diff1": 0.34793827546053996,
        "nauc_map_at_5_max": 0.22705788853364325,
        "nauc_map_at_5_std": -0.06603823348035189,
        "nauc_mrr_at_1000_diff1": 0.34786522897181166,
        "nauc_mrr_at_1000_max": 0.23067926888128173,
        "nauc_mrr_at_1000_std": -0.04783150625291831,
        "nauc_mrr_at_100_diff1": 0.3478318176904796,
        "nauc_mrr_at_100_max": 0.23084407667343762,
        "nauc_mrr_at_100_std": -0.04771557849687835,
        "nauc_mrr_at_10_diff1": 0.34613447970756334,
        "nauc_mrr_at_10_max": 0.23303025897585877,
        "nauc_mrr_at_10_std": -0.04853698529997241,
        "nauc_mrr_at_1_diff1": 0.38054930686359445,
        "nauc_mrr_at_1_max": 0.17812767327448553,
        "nauc_mrr_at_1_std": -0.06113833869537374,
        "nauc_mrr_at_20_diff1": 0.34685028538840407,
        "nauc_mrr_at_20_max": 0.23186761115968377,
        "nauc_mrr_at_20_std": -0.047786042310453865,
        "nauc_mrr_at_3_diff1": 0.3489271009017355,
        "nauc_mrr_at_3_max": 0.2243195745843254,
        "nauc_mrr_at_3_std": -0.054420350165956026,
        "nauc_mrr_at_5_diff1": 0.34558146111831056,
        "nauc_mrr_at_5_max": 0.23187101194193166,
        "nauc_mrr_at_5_std": -0.05000669956831327,
        "nauc_ndcg_at_1000_diff1": 0.34492914645940215,
        "nauc_ndcg_at_1000_max": 0.24843585513756808,
        "nauc_ndcg_at_1000_std": -0.04174732453050997,
        "nauc_ndcg_at_100_diff1": 0.34278945909674535,
        "nauc_ndcg_at_100_max": 0.2545575473936367,
        "nauc_ndcg_at_100_std": -0.03576548130003284,
        "nauc_ndcg_at_10_diff1": 0.33615153713548446,
        "nauc_ndcg_at_10_max": 0.26461770621241143,
        "nauc_ndcg_at_10_std": -0.04601597899983905,
        "nauc_ndcg_at_1_diff1": 0.38141043752477904,
        "nauc_ndcg_at_1_max": 0.17896077026178459,
        "nauc_ndcg_at_1_std": -0.05985756072060873,
        "nauc_ndcg_at_20_diff1": 0.3372875503598552,
        "nauc_ndcg_at_20_max": 0.26153815327990476,
        "nauc_ndcg_at_20_std": -0.0414518749994254,
        "nauc_ndcg_at_3_diff1": 0.34369614689887745,
        "nauc_ndcg_at_3_max": 0.2314474447991739,
        "nauc_ndcg_at_3_std": -0.06759067581924998,
        "nauc_ndcg_at_5_diff1": 0.3333615750220687,
        "nauc_ndcg_at_5_max": 0.2511538351347473,
        "nauc_ndcg_at_5_std": -0.05936992116514501,
        "nauc_precision_at_1000_diff1": -0.055266840057494604,
        "nauc_precision_at_1000_max": 0.08771092849516059,
        "nauc_precision_at_1000_std": 0.1502731221048062,
        "nauc_precision_at_100_diff1": -0.029770736622256943,
        "nauc_precision_at_100_max": 0.15094474999459967,
        "nauc_precision_at_100_std": 0.17610582831956997,
        "nauc_precision_at_10_diff1": 0.10070701590388191,
        "nauc_precision_at_10_max": 0.2760030393364238,
        "nauc_precision_at_10_std": 0.08223901797204564,
        "nauc_precision_at_1_diff1": 0.38141043752477904,
        "nauc_precision_at_1_max": 0.17896077026178459,
        "nauc_precision_at_1_std": -0.05985756072060873,
        "nauc_precision_at_20_diff1": 0.040512744066560274,
        "nauc_precision_at_20_max": 0.23019347561462677,
        "nauc_precision_at_20_std": 0.11413303669144274,
        "nauc_precision_at_3_diff1": 0.23872718681848676,
        "nauc_precision_at_3_max": 0.27439895897898486,
        "nauc_precision_at_3_std": -0.014893393452221165,
        "nauc_precision_at_5_diff1": 0.1623662139549533,
        "nauc_precision_at_5_max": 0.2877857759131441,
        "nauc_precision_at_5_std": 0.023837843674143832,
        "nauc_recall_at_1000_diff1": 0.23298374114934284,
        "nauc_recall_at_1000_max": 0.7921436462742006,
        "nauc_recall_at_1000_std": 0.6006365586467346,
        "nauc_recall_at_100_diff1": 0.2277207131858802,
        "nauc_recall_at_100_max": 0.6195160304621452,
        "nauc_recall_at_100_std": 0.36421625662007684,
        "nauc_recall_at_10_diff1": 0.2560627275266582,
        "nauc_recall_at_10_max": 0.39911142984890663,
        "nauc_recall_at_10_std": -0.003517825720814626,
        "nauc_recall_at_1_diff1": 0.38831731773023326,
        "nauc_recall_at_1_max": 0.16112659961456374,
        "nauc_recall_at_1_std": -0.0767349749723531,
        "nauc_recall_at_20_diff1": 0.2294768964124775,
        "nauc_recall_at_20_max": 0.4532562233423421,
        "nauc_recall_at_20_std": 0.05446777388391142,
        "nauc_recall_at_3_diff1": 0.3044947697057325,
        "nauc_recall_at_3_max": 0.25940874363857563,
        "nauc_recall_at_3_std": -0.07254876510401477,
        "nauc_recall_at_5_diff1": 0.26740498291377895,
        "nauc_recall_at_5_max": 0.3135599303494677,
        "nauc_recall_at_5_std": -0.05595763635953858,
        "ndcg_at_1": 0.37486,
        "ndcg_at_10": 0.57602,
        "ndcg_at_100": 0.61399,
        "ndcg_at_1000": 0.61862,
        "ndcg_at_20": 0.59696,
        "ndcg_at_3": 0.48863,
        "ndcg_at_5": 0.53692,
        "precision_at_1": 0.37486,
        "precision_at_10": 0.09615,
        "precision_at_100": 0.01169,
        "precision_at_1000": 0.00121,
        "precision_at_20": 0.053,
        "precision_at_3": 0.22576,
        "precision_at_5": 0.1628,
        "recall_at_1": 0.3279,
        "recall_at_10": 0.79881,
        "recall_at_100": 0.95983,
        "recall_at_1000": 0.99392,
        "recall_at_20": 0.87592,
        "recall_at_3": 0.57445,
        "recall_at_5": 0.68596
      }
    ]
  },
  "task_name": "NQ"
}
