{
  "dataset_revision": "e4e08e0b7dbe3c8700f0daef558ff32256715259",
  "evaluation_time": 2790.3182339668274,
  "kg_co2_emissions": null,
  "mteb_version": "1.1.1",
  "scores": {
    "test": [
      {
        "hf_subset": "default",
        "languages": [
          "eng-Latn"
        ],
        "main_score": 0.88871,
        "map_at_1": 0.70788,
        "map_at_10": 0.85252,
        "map_at_100": 0.85894,
        "map_at_1000": 0.85905,
        "map_at_20": 0.85692,
        "map_at_3": 0.82078,
        "map_at_5": 0.84087,
        "mrr_at_1": 0.8146,
        "mrr_at_10": 0.8769089285714261,
        "mrr_at_100": 0.8779016218253278,
        "mrr_at_1000": 0.8779083421260102,
        "mrr_at_20": 0.8777038332170034,
        "mrr_at_3": 0.8668833333333309,
        "mrr_at_5": 0.8738983333333299,
        "nauc_map_at_1000_diff1": 0.7541709061959575,
        "nauc_map_at_1000_max": 0.30494885360919594,
        "nauc_map_at_1000_std": -0.5660479298438348,
        "nauc_map_at_100_diff1": 0.7542274005196828,
        "nauc_map_at_100_max": 0.3047230455204154,
        "nauc_map_at_100_std": -0.566632689702337,
        "nauc_map_at_10_diff1": 0.7584533784615167,
        "nauc_map_at_10_max": 0.29535564320792346,
        "nauc_map_at_10_std": -0.5942200973443358,
        "nauc_map_at_1_diff1": 0.8089686729198965,
        "nauc_map_at_1_max": 0.21484916299018314,
        "nauc_map_at_1_std": -0.49679951259661953,
        "nauc_map_at_20_diff1": 0.7556194707895152,
        "nauc_map_at_20_max": 0.3010934273317223,
        "nauc_map_at_20_std": -0.5787031025262452,
        "nauc_map_at_3_diff1": 0.7696048479824834,
        "nauc_map_at_3_max": 0.26990933626874547,
        "nauc_map_at_3_std": -0.612992325033608,
        "nauc_map_at_5_diff1": 0.7644992094689931,
        "nauc_map_at_5_max": 0.2849313444292166,
        "nauc_map_at_5_std": -0.61334259220557,
        "nauc_mrr_at_1000_diff1": 0.7525935038380264,
        "nauc_mrr_at_1000_max": 0.3298849583235891,
        "nauc_mrr_at_1000_std": -0.5216758814538696,
        "nauc_mrr_at_100_diff1": 0.7525965431613613,
        "nauc_mrr_at_100_max": 0.3298805385000191,
        "nauc_mrr_at_100_std": -0.5217172620026974,
        "nauc_mrr_at_10_diff1": 0.7522760101631112,
        "nauc_mrr_at_10_max": 0.33023755115371245,
        "nauc_mrr_at_10_std": -0.5237096214864043,
        "nauc_mrr_at_1_diff1": 0.7642917697797614,
        "nauc_mrr_at_1_max": 0.3264878563229538,
        "nauc_mrr_at_1_std": -0.4851742213867184,
        "nauc_mrr_at_20_diff1": 0.7524597330238418,
        "nauc_mrr_at_20_max": 0.33005199416267,
        "nauc_mrr_at_20_std": -0.5221475388864796,
        "nauc_mrr_at_3_diff1": 0.7486832834205817,
        "nauc_mrr_at_3_max": 0.3306898309679242,
        "nauc_mrr_at_3_std": -0.5271876510762402,
        "nauc_mrr_at_5_diff1": 0.7519775523531247,
        "nauc_mrr_at_5_max": 0.3311733692772186,
        "nauc_mrr_at_5_std": -0.5262786445915096,
        "nauc_ndcg_at_1000_diff1": 0.7484711948944486,
        "nauc_ndcg_at_1000_max": 0.3209460658634183,
        "nauc_ndcg_at_1000_std": -0.5427304987623849,
        "nauc_ndcg_at_100_diff1": 0.7486716211902125,
        "nauc_ndcg_at_100_max": 0.3202082348681872,
        "nauc_ndcg_at_100_std": -0.5454939264061437,
        "nauc_ndcg_at_10_diff1": 0.7516111112510615,
        "nauc_ndcg_at_10_max": 0.30788715415239615,
        "nauc_ndcg_at_10_std": -0.5926860175488055,
        "nauc_ndcg_at_1_diff1": 0.7637130416721901,
        "nauc_ndcg_at_1_max": 0.33026661035023674,
        "nauc_ndcg_at_1_std": -0.4811542113079023,
        "nauc_ndcg_at_20_diff1": 0.7494018918530021,
        "nauc_ndcg_at_20_max": 0.3136848544194433,
        "nauc_ndcg_at_20_std": -0.5722076204871999,
        "nauc_ndcg_at_3_diff1": 0.7471643590620495,
        "nauc_ndcg_at_3_max": 0.2988593488709579,
        "nauc_ndcg_at_3_std": -0.5903569302171777,
        "nauc_ndcg_at_5_diff1": 0.7529527895849503,
        "nauc_ndcg_at_5_max": 0.3024572878613215,
        "nauc_ndcg_at_5_std": -0.6050140742975364,
        "nauc_precision_at_1000_diff1": -0.46558893344867364,
        "nauc_precision_at_1000_max": 0.008360388111207095,
        "nauc_precision_at_1000_std": 0.4994948501610308,
        "nauc_precision_at_100_diff1": -0.46435235136773556,
        "nauc_precision_at_100_max": 0.007980185216947204,
        "nauc_precision_at_100_std": 0.4905706631140804,
        "nauc_precision_at_10_diff1": -0.41838185291504965,
        "nauc_precision_at_10_max": 0.02266460411208993,
        "nauc_precision_at_10_std": 0.3174577838757175,
        "nauc_precision_at_1_diff1": 0.7637130416721901,
        "nauc_precision_at_1_max": 0.33026661035023674,
        "nauc_precision_at_1_std": -0.4811542113079023,
        "nauc_precision_at_20_diff1": -0.4489473663219336,
        "nauc_precision_at_20_max": 0.009933481912647243,
        "nauc_precision_at_20_std": 0.40201097940408814,
        "nauc_precision_at_3_diff1": -0.21298114781015315,
        "nauc_precision_at_3_max": 0.09528746640878552,
        "nauc_precision_at_3_std": 0.03528037989210693,
        "nauc_precision_at_5_diff1": -0.34207523375226506,
        "nauc_precision_at_5_max": 0.05037505382652162,
        "nauc_precision_at_5_std": 0.18106889012105046,
        "nauc_recall_at_1000_diff1": 0.21910986615868933,
        "nauc_recall_at_1000_max": 0.2827575474493891,
        "nauc_recall_at_1000_std": 0.08667911607376676,
        "nauc_recall_at_100_diff1": 0.7328237777668709,
        "nauc_recall_at_100_max": 0.28133339998180523,
        "nauc_recall_at_100_std": -0.8819659333387779,
        "nauc_recall_at_10_diff1": 0.7249860416051324,
        "nauc_recall_at_10_max": 0.22279323930182696,
        "nauc_recall_at_10_std": -0.9356893077101941,
        "nauc_recall_at_1_diff1": 0.8089686729198965,
        "nauc_recall_at_1_max": 0.21484916299018314,
        "nauc_recall_at_1_std": -0.49679951259661953,
        "nauc_recall_at_20_diff1": 0.7027760119124624,
        "nauc_recall_at_20_max": 0.23068712296549002,
        "nauc_recall_at_20_std": -1.0046701418618178,
        "nauc_recall_at_3_diff1": 0.7324064443402998,
        "nauc_recall_at_3_max": 0.23098641867822356,
        "nauc_recall_at_3_std": -0.7197682241650396,
        "nauc_recall_at_5_diff1": 0.7292749044010806,
        "nauc_recall_at_5_max": 0.2330737970877175,
        "nauc_recall_at_5_std": -0.8158421332966184,
        "ndcg_at_1": 0.8149,
        "ndcg_at_10": 0.88871,
        "ndcg_at_100": 0.89986,
        "ndcg_at_1000": 0.90043,
        "ndcg_at_20": 0.89537,
        "ndcg_at_3": 0.85844,
        "ndcg_at_5": 0.87548,
        "precision_at_1": 0.8149,
        "precision_at_10": 0.1364,
        "precision_at_100": 0.01545,
        "precision_at_1000": 0.00157,
        "precision_at_20": 0.07239,
        "precision_at_3": 0.37677,
        "precision_at_5": 0.24924,
        "recall_at_1": 0.70788,
        "recall_at_10": 0.96044,
        "recall_at_100": 0.99761,
        "recall_at_1000": 0.99998,
        "recall_at_20": 0.98178,
        "recall_at_3": 0.87518,
        "recall_at_5": 0.92232
      }
    ]
  },
  "task_name": "QuoraRetrieval"
}