{
  "dataset_revision": "f8c2fcf00f625baaa80f62ec5bd9e1fff3b8ae88",
  "evaluation_time": 126.59710216522217,
  "kg_co2_emissions": null,
  "mteb_version": "1.1.1",
  "scores": {
    "test": [
      {
        "hf_subset": "default",
        "languages": [
          "eng-Latn"
        ],
        "main_score": 0.18888,
        "map_at_1": 0.04393,
        "map_at_10": 0.11162,
        "map_at_100": 0.13182,
        "map_at_1000": 0.13505,
        "map_at_20": 0.1213,
        "map_at_3": 0.07908,
        "map_at_5": 0.09492,
        "mrr_at_1": 0.216,
        "mrr_at_10": 0.31852301587301585,
        "mrr_at_100": 0.3306824923836774,
        "mrr_at_1000": 0.33128804775416126,
        "mrr_at_20": 0.32601879586271987,
        "mrr_at_3": 0.28350000000000003,
        "mrr_at_5": 0.3029999999999998,
        "nauc_map_at_1000_diff1": 0.2084561863492195,
        "nauc_map_at_1000_max": 0.27545392564787224,
        "nauc_map_at_1000_std": 0.1973809032054597,
        "nauc_map_at_100_diff1": 0.20886819344278956,
        "nauc_map_at_100_max": 0.2749696524632176,
        "nauc_map_at_100_std": 0.19463209125023545,
        "nauc_map_at_10_diff1": 0.21614234229830165,
        "nauc_map_at_10_max": 0.26400573306141517,
        "nauc_map_at_10_std": 0.15856950209485351,
        "nauc_map_at_1_diff1": 0.2254490369331058,
        "nauc_map_at_1_max": 0.20432975173378612,
        "nauc_map_at_1_std": 0.062420770586362855,
        "nauc_map_at_20_diff1": 0.20900523016204164,
        "nauc_map_at_20_max": 0.2718745090933456,
        "nauc_map_at_20_std": 0.1771475044398638,
        "nauc_map_at_3_diff1": 0.22768911859436725,
        "nauc_map_at_3_max": 0.2462995308789439,
        "nauc_map_at_3_std": 0.10505811513874895,
        "nauc_map_at_5_diff1": 0.22567898534906258,
        "nauc_map_at_5_max": 0.26078710424727813,
        "nauc_map_at_5_std": 0.13326177420108237,
        "nauc_mrr_at_1000_diff1": 0.20923882968318186,
        "nauc_mrr_at_1000_max": 0.23160175450288456,
        "nauc_mrr_at_1000_std": 0.11117284805923819,
        "nauc_mrr_at_100_diff1": 0.209082915266198,
        "nauc_mrr_at_100_max": 0.23170484540291658,
        "nauc_mrr_at_100_std": 0.11148996954331813,
        "nauc_mrr_at_10_diff1": 0.2092546989720242,
        "nauc_mrr_at_10_max": 0.2284386405788099,
        "nauc_mrr_at_10_std": 0.11001635040551937,
        "nauc_mrr_at_1_diff1": 0.2281638672829068,
        "nauc_mrr_at_1_max": 0.2069258131990632,
        "nauc_mrr_at_1_std": 0.06257280276556565,
        "nauc_mrr_at_20_diff1": 0.20842917932736627,
        "nauc_mrr_at_20_max": 0.2321747811974301,
        "nauc_mrr_at_20_std": 0.112573994255221,
        "nauc_mrr_at_3_diff1": 0.221235242107081,
        "nauc_mrr_at_3_max": 0.22817701815132288,
        "nauc_mrr_at_3_std": 0.090576295733398,
        "nauc_mrr_at_5_diff1": 0.21206923933168897,
        "nauc_mrr_at_5_max": 0.22729898830543863,
        "nauc_mrr_at_5_std": 0.10293764691637698,
        "nauc_ndcg_at_1000_diff1": 0.18446981332379936,
        "nauc_ndcg_at_1000_max": 0.2877808818864012,
        "nauc_ndcg_at_1000_std": 0.26365458491523014,
        "nauc_ndcg_at_100_diff1": 0.19073652593629023,
        "nauc_ndcg_at_100_max": 0.2852349997797599,
        "nauc_ndcg_at_100_std": 0.2508127861261335,
        "nauc_ndcg_at_10_diff1": 0.20414681961188608,
        "nauc_ndcg_at_10_max": 0.25977056053383607,
        "nauc_ndcg_at_10_std": 0.17275298984951493,
        "nauc_ndcg_at_1_diff1": 0.2281638672829068,
        "nauc_ndcg_at_1_max": 0.2069258131990632,
        "nauc_ndcg_at_1_std": 0.06257280276556565,
        "nauc_ndcg_at_20_diff1": 0.19037839372811632,
        "nauc_ndcg_at_20_max": 0.2764979737554323,
        "nauc_ndcg_at_20_std": 0.20203129892348234,
        "nauc_ndcg_at_3_diff1": 0.22674871521647025,
        "nauc_ndcg_at_3_max": 0.24704836122810586,
        "nauc_ndcg_at_3_std": 0.10976499933261154,
        "nauc_ndcg_at_5_diff1": 0.2174235001563163,
        "nauc_ndcg_at_5_max": 0.2578510222074706,
        "nauc_ndcg_at_5_std": 0.14149634518935345,
        "nauc_precision_at_1000_diff1": 0.045784416342327,
        "nauc_precision_at_1000_max": 0.24248794223693895,
        "nauc_precision_at_1000_std": 0.39892117680476846,
        "nauc_precision_at_100_diff1": 0.11598434280331119,
        "nauc_precision_at_100_max": 0.26661414874804384,
        "nauc_precision_at_100_std": 0.35827544869120104,
        "nauc_precision_at_10_diff1": 0.17202315188892384,
        "nauc_precision_at_10_max": 0.25745654898339476,
        "nauc_precision_at_10_std": 0.2163878147519088,
        "nauc_precision_at_1_diff1": 0.2281638672829068,
        "nauc_precision_at_1_max": 0.2069258131990632,
        "nauc_precision_at_1_std": 0.06257280276556565,
        "nauc_precision_at_20_diff1": 0.13683249991204194,
        "nauc_precision_at_20_max": 0.2815726537980284,
        "nauc_precision_at_20_std": 0.2639706698253377,
        "nauc_precision_at_3_diff1": 0.22454308526315442,
        "nauc_precision_at_3_max": 0.25937093297038466,
        "nauc_precision_at_3_std": 0.125259544790725,
        "nauc_precision_at_5_diff1": 0.20460763699436774,
        "nauc_precision_at_5_max": 0.27039567830330663,
        "nauc_precision_at_5_std": 0.17449087913777217,
        "nauc_recall_at_1000_diff1": 0.04112757494464142,
        "nauc_recall_at_1000_max": 0.23590865783515347,
        "nauc_recall_at_1000_std": 0.4112039297434277,
        "nauc_recall_at_100_diff1": 0.11313525061486242,
        "nauc_recall_at_100_max": 0.26346621189157665,
        "nauc_recall_at_100_std": 0.3614683992261678,
        "nauc_recall_at_10_diff1": 0.16787394876036815,
        "nauc_recall_at_10_max": 0.25345169972764314,
        "nauc_recall_at_10_std": 0.21571711128887508,
        "nauc_recall_at_1_diff1": 0.2254490369331058,
        "nauc_recall_at_1_max": 0.20432975173378612,
        "nauc_recall_at_1_std": 0.062420770586362855,
        "nauc_recall_at_20_diff1": 0.13158517536278064,
        "nauc_recall_at_20_max": 0.2769075725668539,
        "nauc_recall_at_20_std": 0.2652210684048985,
        "nauc_recall_at_3_diff1": 0.22177484304615097,
        "nauc_recall_at_3_max": 0.25535876900204835,
        "nauc_recall_at_3_std": 0.12335010137064294,
        "nauc_recall_at_5_diff1": 0.20139269277971913,
        "nauc_recall_at_5_max": 0.2658467717602045,
        "nauc_recall_at_5_std": 0.17182221244782964,
        "ndcg_at_1": 0.216,
        "ndcg_at_10": 0.18888,
        "ndcg_at_100": 0.26959,
        "ndcg_at_1000": 0.32552,
        "ndcg_at_20": 0.21639,
        "ndcg_at_3": 0.17553,
        "ndcg_at_5": 0.15481,
        "precision_at_1": 0.216,
        "precision_at_10": 0.0992,
        "precision_at_100": 0.02157,
        "precision_at_1000": 0.00349,
        "precision_at_20": 0.0655,
        "precision_at_3": 0.164,
        "precision_at_5": 0.1366,
        "recall_at_1": 0.04393,
        "recall_at_10": 0.20098,
        "recall_at_100": 0.43828,
        "recall_at_1000": 0.70957,
        "recall_at_20": 0.26575,
        "recall_at_3": 0.09998,
        "recall_at_5": 0.13848
      }
    ]
  },
  "task_name": "SCIDOCS"
}
