{
  "dataset_revision": "0228b52cf27578f30900b9e5271d331663a030d7",
  "evaluation_time": 26.667829036712646,
  "kg_co2_emissions": null,
  "mteb_version": "1.1.1",
  "scores": {
    "test": [
      {
        "hf_subset": "default",
        "languages": [
          "eng-Latn"
        ],
        "main_score": 0.72319,
        "map_at_1": 0.56983,
        "map_at_10": 0.67559,
        "map_at_100": 0.68125,
        "map_at_1000": 0.6814,
        "map_at_20": 0.67908,
        "map_at_3": 0.64337,
        "map_at_5": 0.66522,
        "mrr_at_1": 0.5933333333333334,
        "mrr_at_10": 0.6840674603174602,
        "mrr_at_100": 0.6885311651663093,
        "mrr_at_1000": 0.6886778895297577,
        "mrr_at_20": 0.686570263070263,
        "mrr_at_3": 0.6622222222222223,
        "mrr_at_5": 0.6770555555555556,
        "nauc_map_at_1000_diff1": 0.7053355643703666,
        "nauc_map_at_1000_max": 0.5665970399056847,
        "nauc_map_at_1000_std": -0.010640760554922944,
        "nauc_map_at_100_diff1": 0.7052537061274557,
        "nauc_map_at_100_max": 0.5665783216374202,
        "nauc_map_at_100_std": -0.010636829816071731,
        "nauc_map_at_10_diff1": 0.703195050992773,
        "nauc_map_at_10_max": 0.5672746956872511,
        "nauc_map_at_10_std": -0.00502496366799406,
        "nauc_map_at_1_diff1": 0.7407183854514043,
        "nauc_map_at_1_max": 0.5172754528321154,
        "nauc_map_at_1_std": -0.040447653509028826,
        "nauc_map_at_20_diff1": 0.7035053311700784,
        "nauc_map_at_20_max": 0.5670767905476868,
        "nauc_map_at_20_std": -0.011282803030196627,
        "nauc_map_at_3_diff1": 0.7128254577543882,
        "nauc_map_at_3_max": 0.5422637100844786,
        "nauc_map_at_3_std": -0.05401017848700121,
        "nauc_map_at_5_diff1": 0.7031334889528075,
        "nauc_map_at_5_max": 0.5546546139561394,
        "nauc_map_at_5_std": -0.028454448234108465,
        "nauc_mrr_at_1000_diff1": 0.7125645902418636,
        "nauc_mrr_at_1000_max": 0.5748330044379516,
        "nauc_mrr_at_1000_std": -0.0015279674594953338,
        "nauc_mrr_at_100_diff1": 0.7124780590494507,
        "nauc_mrr_at_100_max": 0.5748092068587984,
        "nauc_mrr_at_100_std": -0.0015294560325943597,
        "nauc_mrr_at_10_diff1": 0.7115019510918328,
        "nauc_mrr_at_10_max": 0.5765861986976735,
        "nauc_mrr_at_10_std": 0.0064686665013043475,
        "nauc_mrr_at_1_diff1": 0.7472726022958253,
        "nauc_mrr_at_1_max": 0.573406522187417,
        "nauc_mrr_at_1_std": 0.020400247454265157,
        "nauc_mrr_at_20_diff1": 0.7109046828130673,
        "nauc_mrr_at_20_max": 0.5755500329864552,
        "nauc_mrr_at_20_std": -0.0008081967232438818,
        "nauc_mrr_at_3_diff1": 0.7148850927952515,
        "nauc_mrr_at_3_max": 0.5657549545767996,
        "nauc_mrr_at_3_std": -0.022552319131712014,
        "nauc_mrr_at_5_diff1": 0.7106181082659474,
        "nauc_mrr_at_5_max": 0.5730588354608693,
        "nauc_mrr_at_5_std": -0.003962989581730278,
        "nauc_ndcg_at_1000_diff1": 0.7010345947974712,
        "nauc_ndcg_at_1000_max": 0.5794695700901162,
        "nauc_ndcg_at_1000_std": -0.0066967196074161645,
        "nauc_ndcg_at_100_diff1": 0.6991766109079982,
        "nauc_ndcg_at_100_max": 0.5787068143953908,
        "nauc_ndcg_at_100_std": -0.006991411648542875,
        "nauc_ndcg_at_10_diff1": 0.6867007587175918,
        "nauc_ndcg_at_10_max": 0.5837708611799914,
        "nauc_ndcg_at_10_std": 0.021324010737244325,
        "nauc_ndcg_at_1_diff1": 0.7472726022958253,
        "nauc_ndcg_at_1_max": 0.573406522187417,
        "nauc_ndcg_at_1_std": 0.020400247454265157,
        "nauc_ndcg_at_20_diff1": 0.6860379197182528,
        "nauc_ndcg_at_20_max": 0.5822695584817108,
        "nauc_ndcg_at_20_std": -0.005554831722116831,
        "nauc_ndcg_at_3_diff1": 0.7003584755932311,
        "nauc_ndcg_at_3_max": 0.5536617498348141,
        "nauc_ndcg_at_3_std": -0.053305715236224,
        "nauc_ndcg_at_5_diff1": 0.6858127433253388,
        "nauc_ndcg_at_5_max": 0.5639011661754083,
        "nauc_ndcg_at_5_std": -0.024779105896219695,
        "nauc_precision_at_1000_diff1": -0.157538262869041,
        "nauc_precision_at_1000_max": 0.24487577332832566,
        "nauc_precision_at_1000_std": 0.4687209693040538,
        "nauc_precision_at_100_diff1": -0.07106403128781721,
        "nauc_precision_at_100_max": 0.2784276586167173,
        "nauc_precision_at_100_std": 0.41388543000286443,
        "nauc_precision_at_10_diff1": 0.10871457970555672,
        "nauc_precision_at_10_max": 0.4343735159094507,
        "nauc_precision_at_10_std": 0.4020005540604721,
        "nauc_precision_at_1_diff1": 0.7472726022958253,
        "nauc_precision_at_1_max": 0.573406522187417,
        "nauc_precision_at_1_std": 0.020400247454265157,
        "nauc_precision_at_20_diff1": 0.02265525497987617,
        "nauc_precision_at_20_max": 0.3710836007947421,
        "nauc_precision_at_20_std": 0.3540832441795293,
        "nauc_precision_at_3_diff1": 0.46990118239638057,
        "nauc_precision_at_3_max": 0.541501259230802,
        "nauc_precision_at_3_std": 0.07011674563537794,
        "nauc_precision_at_5_diff1": 0.262675514169446,
        "nauc_precision_at_5_max": 0.47640869597096386,
        "nauc_precision_at_5_std": 0.21799108615840607,
        "nauc_recall_at_1000_diff1": 0.8078120136943592,
        "nauc_recall_at_1000_max": 1.0,
        "nauc_recall_at_1000_std": -0.7595704948646047,
        "nauc_recall_at_100_diff1": 0.6592748210395272,
        "nauc_recall_at_100_max": 0.6569405539993765,
        "nauc_recall_at_100_std": -0.20327575474634316,
        "nauc_recall_at_10_diff1": 0.5685888929928007,
        "nauc_recall_at_10_max": 0.6391134640201005,
        "nauc_recall_at_10_std": 0.14430719142008994,
        "nauc_recall_at_1_diff1": 0.7407183854514043,
        "nauc_recall_at_1_max": 0.5172754528321154,
        "nauc_recall_at_1_std": -0.040447653509028826,
        "nauc_recall_at_20_diff1": 0.5200488630427081,
        "nauc_recall_at_20_max": 0.6458977880244879,
        "nauc_recall_at_20_std": -0.049196199819190364,
        "nauc_recall_at_3_diff1": 0.6563100074167905,
        "nauc_recall_at_3_max": 0.518376027851908,
        "nauc_recall_at_3_std": -0.13312989372654754,
        "nauc_recall_at_5_diff1": 0.5927132505135634,
        "nauc_recall_at_5_max": 0.5634315205533839,
        "nauc_recall_at_5_std": -0.04943626387762038,
        "ndcg_at_1": 0.59333,
        "ndcg_at_10": 0.72319,
        "ndcg_at_100": 0.7465,
        "ndcg_at_1000": 0.75034,
        "ndcg_at_20": 0.73441,
        "ndcg_at_3": 0.66991,
        "ndcg_at_5": 0.70241,
        "precision_at_1": 0.59333,
        "precision_at_10": 0.09733,
        "precision_at_100": 0.0109,
        "precision_at_1000": 0.00112,
        "precision_at_20": 0.05117,
        "precision_at_3": 0.26,
        "precision_at_5": 0.17667,
        "recall_at_1": 0.56983,
        "recall_at_10": 0.858,
        "recall_at_100": 0.96,
        "recall_at_1000": 0.99,
        "recall_at_20": 0.90033,
        "recall_at_3": 0.71911,
        "recall_at_5": 0.79978
      }
    ]
  },
  "task_name": "SciFact"
}