{
  "dataset_revision": "a34f9a33db75fa0cbb21bb5cfc3dae8dc8bec93f",
  "evaluation_time": 1888.1421790122986,
  "kg_co2_emissions": null,
  "mteb_version": "1.1.1",
  "scores": {
    "test": [
      {
        "hf_subset": "default",
        "languages": [
          "eng-Latn"
        ],
        "main_score": 0.23143,
        "map_at_1": 0.0171,
        "map_at_10": 0.0989,
        "map_at_100": 0.16053,
        "map_at_1000": 0.17722,
        "map_at_20": 0.12047,
        "map_at_3": 0.04769,
        "map_at_5": 0.06486,
        "mrr_at_1": 0.22448979591836735,
        "mrr_at_10": 0.39540816326530615,
        "mrr_at_100": 0.4110060925282662,
        "mrr_at_1000": 0.4110060925282662,
        "mrr_at_20": 0.4082075237687482,
        "mrr_at_3": 0.3503401360544219,
        "mrr_at_5": 0.380952380952381,
        "nauc_map_at_1000_diff1": 0.26981844512931763,
        "nauc_map_at_1000_max": -0.2668967408328364,
        "nauc_map_at_1000_std": 0.07321096818877898,
        "nauc_map_at_100_diff1": 0.2696695719924105,
        "nauc_map_at_100_max": -0.2778064772584348,
        "nauc_map_at_100_std": 0.04034810437593025,
        "nauc_map_at_10_diff1": 0.33978338137442915,
        "nauc_map_at_10_max": -0.2970380725714425,
        "nauc_map_at_10_std": -0.13361167382013725,
        "nauc_map_at_1_diff1": 0.242418166018281,
        "nauc_map_at_1_max": -0.28895488306003925,
        "nauc_map_at_1_std": -0.1593392994297569,
        "nauc_map_at_20_diff1": 0.3486922719857846,
        "nauc_map_at_20_max": -0.27753736635499415,
        "nauc_map_at_20_std": -0.09983023672962793,
        "nauc_map_at_3_diff1": 0.39206027595559434,
        "nauc_map_at_3_max": -0.3189321338885263,
        "nauc_map_at_3_std": -0.1579697776769893,
        "nauc_map_at_5_diff1": 0.3533240534868221,
        "nauc_map_at_5_max": -0.32477940226605706,
        "nauc_map_at_5_std": -0.16162654645675462,
        "nauc_mrr_at_1000_diff1": 0.09692923828714813,
        "nauc_mrr_at_1000_max": -0.31604569173221725,
        "nauc_mrr_at_1000_std": -0.024095025208752275,
        "nauc_mrr_at_100_diff1": 0.09692923828714813,
        "nauc_mrr_at_100_max": -0.31604569173221725,
        "nauc_mrr_at_100_std": -0.024095025208752275,
        "nauc_mrr_at_10_diff1": 0.09917879584035992,
        "nauc_mrr_at_10_max": -0.325848767029403,
        "nauc_mrr_at_10_std": -0.009613937254387113,
        "nauc_mrr_at_1_diff1": 0.11368483626319027,
        "nauc_mrr_at_1_max": -0.31117952069672344,
        "nauc_mrr_at_1_std": -0.08979875313553183,
        "nauc_mrr_at_20_diff1": 0.0969086832853623,
        "nauc_mrr_at_20_max": -0.31065052986628505,
        "nauc_mrr_at_20_std": -0.02102554638445041,
        "nauc_mrr_at_3_diff1": 0.0879172948042784,
        "nauc_mrr_at_3_max": -0.29529357509610427,
        "nauc_mrr_at_3_std": -0.06286478474322287,
        "nauc_mrr_at_5_diff1": 0.09207187611309149,
        "nauc_mrr_at_5_max": -0.29337100723747794,
        "nauc_mrr_at_5_std": -0.03978039461759198,
        "nauc_ndcg_at_1000_diff1": 0.15273393263098317,
        "nauc_ndcg_at_1000_max": -0.26072358391800343,
        "nauc_ndcg_at_1000_std": 0.292206268950461,
        "nauc_ndcg_at_100_diff1": 0.15602744333081248,
        "nauc_ndcg_at_100_max": -0.31605145478606433,
        "nauc_ndcg_at_100_std": 0.25265499310494927,
        "nauc_ndcg_at_10_diff1": 0.17778893484959254,
        "nauc_ndcg_at_10_max": -0.2927858131996884,
        "nauc_ndcg_at_10_std": 0.003973503978940814,
        "nauc_ndcg_at_1_diff1": 0.07185246602831735,
        "nauc_ndcg_at_1_max": -0.2895236316784913,
        "nauc_ndcg_at_1_std": -0.09518323213871387,
        "nauc_ndcg_at_20_diff1": 0.2555008904227746,
        "nauc_ndcg_at_20_max": -0.28534884058634413,
        "nauc_ndcg_at_20_std": -0.004917520451968074,
        "nauc_ndcg_at_3_diff1": 0.1591616863693722,
        "nauc_ndcg_at_3_max": -0.29506568381522125,
        "nauc_ndcg_at_3_std": -0.048830738972221,
        "nauc_ndcg_at_5_diff1": 0.1413996745713543,
        "nauc_ndcg_at_5_max": -0.29971368985061353,
        "nauc_ndcg_at_5_std": -0.04807829502670665,
        "nauc_precision_at_1000_diff1": -0.30070471713920016,
        "nauc_precision_at_1000_max": 0.30177903320040683,
        "nauc_precision_at_1000_std": 0.37344243124230275,
        "nauc_precision_at_100_diff1": -0.15044270775789007,
        "nauc_precision_at_100_max": -0.18940632293162402,
        "nauc_precision_at_100_std": 0.7756573205062334,
        "nauc_precision_at_10_diff1": 0.14798819692346046,
        "nauc_precision_at_10_max": -0.28051664641300367,
        "nauc_precision_at_10_std": 0.11195703130993398,
        "nauc_precision_at_1_diff1": 0.11368483626319027,
        "nauc_precision_at_1_max": -0.31117952069672344,
        "nauc_precision_at_1_std": -0.08979875313553183,
        "nauc_precision_at_20_diff1": 0.19555645393502394,
        "nauc_precision_at_20_max": -0.1974801074871151,
        "nauc_precision_at_20_std": 0.1789683979859497,
        "nauc_precision_at_3_diff1": 0.231504414970683,
        "nauc_precision_at_3_max": -0.28392116682875457,
        "nauc_precision_at_3_std": -0.015561791118912741,
        "nauc_precision_at_5_diff1": 0.1665791375631116,
        "nauc_precision_at_5_max": -0.2909885536624635,
        "nauc_precision_at_5_std": -0.01843314621475575,
        "nauc_recall_at_1000_diff1": 0.13932330695999437,
        "nauc_recall_at_1000_max": -0.16393463051920443,
        "nauc_recall_at_1000_std": 0.6686744088596996,
        "nauc_recall_at_100_diff1": 0.18232262484788547,
        "nauc_recall_at_100_max": -0.2902417269889016,
        "nauc_recall_at_100_std": 0.3811785393819941,
        "nauc_recall_at_10_diff1": 0.32608470746877366,
        "nauc_recall_at_10_max": -0.28769950581841486,
        "nauc_recall_at_10_std": -0.10566508075885438,
        "nauc_recall_at_1_diff1": 0.242418166018281,
        "nauc_recall_at_1_max": -0.28895488306003925,
        "nauc_recall_at_1_std": -0.1593392994297569,
        "nauc_recall_at_20_diff1": 0.3777099400746034,
        "nauc_recall_at_20_max": -0.22930412482277276,
        "nauc_recall_at_20_std": -0.05382246720077411,
        "nauc_recall_at_3_diff1": 0.37820544950450824,
        "nauc_recall_at_3_max": -0.2828788270036618,
        "nauc_recall_at_3_std": -0.13836890562814727,
        "nauc_recall_at_5_diff1": 0.33695066974144977,
        "nauc_recall_at_5_max": -0.2999295101391656,
        "nauc_recall_at_5_std": -0.1385677572272479,
        "ndcg_at_1": 0.20408,
        "ndcg_at_10": 0.23143,
        "ndcg_at_100": 0.36061,
        "ndcg_at_1000": 0.47894,
        "ndcg_at_20": 0.24072,
        "ndcg_at_3": 0.2341,
        "ndcg_at_5": 0.22924,
        "precision_at_1": 0.22449,
        "precision_at_10": 0.22041,
        "precision_at_100": 0.07837,
        "precision_at_1000": 0.01567,
        "precision_at_20": 0.16531,
        "precision_at_3": 0.2585,
        "precision_at_5": 0.24898,
        "recall_at_1": 0.0171,
        "recall_at_10": 0.16636,
        "recall_at_100": 0.49102,
        "recall_at_1000": 0.85342,
        "recall_at_20": 0.23631,
        "recall_at_3": 0.06147,
        "recall_at_5": 0.09246
      }
    ]
  },
  "task_name": "Touche2020"
}