{
  "dataset_revision": "bb9466bac8153a0349341eb1b22e06409e78ef4e",
  "evaluation_time": 791.6291353702545,
  "kg_co2_emissions": null,
  "mteb_version": "1.1.1",
  "scores": {
    "test": [
      {
        "hf_subset": "default",
        "languages": [
          "eng-Latn"
        ],
        "main_score": 0.69019,
        "map_at_1": 0.00212,
        "map_at_10": 0.01665,
        "map_at_100": 0.10091,
        "map_at_1000": 0.2781,
        "map_at_20": 0.02918,
        "map_at_3": 0.00598,
        "map_at_5": 0.00906,
        "mrr_at_1": 0.8,
        "mrr_at_10": 0.885,
        "mrr_at_100": 0.885,
        "mrr_at_1000": 0.885,
        "mrr_at_20": 0.885,
        "mrr_at_3": 0.8766666666666666,
        "mrr_at_5": 0.8816666666666666,
        "nauc_map_at_1000_diff1": -0.06090415668610488,
        "nauc_map_at_1000_max": 0.4836179244131625,
        "nauc_map_at_1000_std": 0.7081364158213189,
        "nauc_map_at_100_diff1": 0.04248371865929295,
        "nauc_map_at_100_max": 0.33596175050678495,
        "nauc_map_at_100_std": 0.5829058137440638,
        "nauc_map_at_10_diff1": 0.14758199576493203,
        "nauc_map_at_10_max": 0.06128301652884813,
        "nauc_map_at_10_std": 0.2517457896348035,
        "nauc_map_at_1_diff1": 0.2403287169704481,
        "nauc_map_at_1_max": 0.061623048259288916,
        "nauc_map_at_1_std": 0.24818077290169097,
        "nauc_map_at_20_diff1": 0.15479203701418007,
        "nauc_map_at_20_max": 0.15583056152691843,
        "nauc_map_at_20_std": 0.30513948975653893,
        "nauc_map_at_3_diff1": 0.24979385984580285,
        "nauc_map_at_3_max": 0.02559029558894585,
        "nauc_map_at_3_std": 0.20244207093459266,
        "nauc_map_at_5_diff1": 0.23191369661086478,
        "nauc_map_at_5_max": 0.039981512309620035,
        "nauc_map_at_5_std": 0.2193602725348942,
        "nauc_mrr_at_1000_diff1": 0.1729364840241623,
        "nauc_mrr_at_1000_max": 0.5591902322845385,
        "nauc_mrr_at_1000_std": 0.45879424381985273,
        "nauc_mrr_at_100_diff1": 0.1729364840241623,
        "nauc_mrr_at_100_max": 0.5591902322845385,
        "nauc_mrr_at_100_std": 0.45879424381985273,
        "nauc_mrr_at_10_diff1": 0.1729364840241623,
        "nauc_mrr_at_10_max": 0.5591902322845385,
        "nauc_mrr_at_10_std": 0.45879424381985273,
        "nauc_mrr_at_1_diff1": 0.09435564435564373,
        "nauc_mrr_at_1_max": 0.49835164835164814,
        "nauc_mrr_at_1_std": 0.4347652347652341,
        "nauc_mrr_at_20_diff1": 0.1729364840241623,
        "nauc_mrr_at_20_max": 0.5591902322845385,
        "nauc_mrr_at_20_std": 0.45879424381985273,
        "nauc_mrr_at_3_diff1": 0.1965384922855555,
        "nauc_mrr_at_3_max": 0.5906414048551709,
        "nauc_mrr_at_3_std": 0.45985557065579347,
        "nauc_mrr_at_5_diff1": 0.18931390153255195,
        "nauc_mrr_at_5_max": 0.572333347252961,
        "nauc_mrr_at_5_std": 0.47493074985036293,
        "nauc_ndcg_at_1000_diff1": 0.04378996997083265,
        "nauc_ndcg_at_1000_max": 0.46210733253502373,
        "nauc_ndcg_at_1000_std": 0.7171825058357194,
        "nauc_ndcg_at_100_diff1": -0.02325151586428278,
        "nauc_ndcg_at_100_max": 0.42691372455827353,
        "nauc_ndcg_at_100_std": 0.6057075629811545,
        "nauc_ndcg_at_10_diff1": 0.00469616252817892,
        "nauc_ndcg_at_10_max": 0.31732932826575266,
        "nauc_ndcg_at_10_std": 0.4011983446730001,
        "nauc_ndcg_at_1_diff1": -0.04818602985609178,
        "nauc_ndcg_at_1_max": 0.41724670441574735,
        "nauc_ndcg_at_1_std": 0.4679617734607553,
        "nauc_ndcg_at_20_diff1": 0.0004081174551981619,
        "nauc_ndcg_at_20_max": 0.3916524150823551,
        "nauc_ndcg_at_20_std": 0.48681463640947265,
        "nauc_ndcg_at_3_diff1": 0.11439923340331387,
        "nauc_ndcg_at_3_max": 0.288834719151795,
        "nauc_ndcg_at_3_std": 0.35353389203491115,
        "nauc_ndcg_at_5_diff1": 0.07673980494472264,
        "nauc_ndcg_at_5_max": 0.2600665673478504,
        "nauc_ndcg_at_5_std": 0.3436927169663032,
        "nauc_precision_at_1000_diff1": -0.10831571783582113,
        "nauc_precision_at_1000_max": 0.3803702863506531,
        "nauc_precision_at_1000_std": 0.2925164210808522,
        "nauc_precision_at_100_diff1": -0.08734448796308182,
        "nauc_precision_at_100_max": 0.46278075078360525,
        "nauc_precision_at_100_std": 0.5883895961418412,
        "nauc_precision_at_10_diff1": -0.1417971970321518,
        "nauc_precision_at_10_max": 0.3356194418620974,
        "nauc_precision_at_10_std": 0.3432612419825416,
        "nauc_precision_at_1_diff1": 0.09435564435564373,
        "nauc_precision_at_1_max": 0.49835164835164814,
        "nauc_precision_at_1_std": 0.4347652347652341,
        "nauc_precision_at_20_diff1": -0.059504452187379535,
        "nauc_precision_at_20_max": 0.4347690024519294,
        "nauc_precision_at_20_std": 0.44029874822557824,
        "nauc_precision_at_3_diff1": 0.07373179123051045,
        "nauc_precision_at_3_max": 0.3524632164556034,
        "nauc_precision_at_3_std": 0.29276773296244757,
        "nauc_precision_at_5_diff1": -0.04843360483417028,
        "nauc_precision_at_5_max": 0.2856502808827411,
        "nauc_precision_at_5_std": 0.2788034050570381,
        "nauc_recall_at_1000_diff1": 0.04775657281956125,
        "nauc_recall_at_1000_max": 0.39755221630960913,
        "nauc_recall_at_1000_std": 0.6710200043876395,
        "nauc_recall_at_100_diff1": 0.12603567734713544,
        "nauc_recall_at_100_max": 0.23307264577530748,
        "nauc_recall_at_100_std": 0.5006334139956479,
        "nauc_recall_at_10_diff1": 0.1670537049289928,
        "nauc_recall_at_10_max": 0.00010779049130021134,
        "nauc_recall_at_10_std": 0.2217359706725955,
        "nauc_recall_at_1_diff1": 0.2403287169704481,
        "nauc_recall_at_1_max": 0.061623048259288916,
        "nauc_recall_at_1_std": 0.24818077290169097,
        "nauc_recall_at_20_diff1": 0.19631619719116095,
        "nauc_recall_at_20_max": 0.08916018894367636,
        "nauc_recall_at_20_std": 0.25033513838518356,
        "nauc_recall_at_3_diff1": 0.266423554258183,
        "nauc_recall_at_3_max": 0.001754366702541081,
        "nauc_recall_at_3_std": 0.18671285371375757,
        "nauc_recall_at_5_diff1": 0.23890621249908964,
        "nauc_recall_at_5_max": -0.0026356417062162636,
        "nauc_recall_at_5_std": 0.1969817696593211,
        "ndcg_at_1": 0.77,
        "ndcg_at_10": 0.69019,
        "ndcg_at_100": 0.56158,
        "ndcg_at_1000": 0.55018,
        "ndcg_at_20": 0.66241,
        "ndcg_at_3": 0.73581,
        "ndcg_at_5": 0.70358,
        "precision_at_1": 0.8,
        "precision_at_10": 0.736,
        "precision_at_100": 0.5812,
        "precision_at_1000": 0.24926,
        "precision_at_20": 0.696,
        "precision_at_3": 0.77333,
        "precision_at_5": 0.74,
        "recall_at_1": 0.00212,
        "recall_at_10": 0.01932,
        "recall_at_100": 0.14001,
        "recall_at_1000": 0.5344,
        "recall_at_20": 0.03573,
        "recall_at_3": 0.00637,
        "recall_at_5": 0.00995
      }
    ]
  },
  "task_name": "TRECCOVID"
}